TradDt,XpryDt,ClsPric,SttlmPric,OpnIntrst,ChngInOpnIntrst,UndrlygPric
2024-06-03,2024-06-27,23407.9,23407.9,14389975,-502025,23263.9
2024-06-03,2024-07-25,23542.05,23542.05,702250,-19600,23263.9
2024-06-03,2024-08-29,23684.3,23684.3,95175,70200,23263.9
2024-06-04,2024-06-27,21908.15,21908.15,14558300,168325,21884.5
2024-06-04,2024-07-25,22063.0,22063.0,956925,254675,21884.5
2024-06-04,2024-08-29,22196.5,22196.5,193625,98450,21884.5
2024-06-05,2024-06-27,22642.9,22642.9,12913025,-1645275,22620.35
2024-06-05,2024-07-25,22783.3,22783.3,930375,-26550,22620.35
2024-06-05,2024-08-29,22915.75,22915.75,210850,17225,22620.35
2024-06-06,2024-06-27,22899.5,22899.5,13448750,535725,22821.4
2024-06-06,2024-07-25,23033.1,23033.1,988800,58425,22821.4
2024-06-06,2024-08-29,23164.25,23164.25,235650,24800,22821.4
2024-06-07,2024-06-27,23325.15,23325.15,13112825,-335925,23290.15
2024-06-07,2024-07-25,23444.6,23444.6,1105975,117175,23290.15
2024-06-07,2024-08-29,23548.3,23548.3,334950,99300,23290.15
2024-06-10,2024-06-27,23247.15,23247.15,12253500,-859325,23259.2
2024-06-10,2024-07-25,23382.85,23382.85,1182725,76750,23259.2
2024-06-10,2024-08-29,23490.3,23490.3,353725,18775,23259.2
2024-06-11,2024-06-27,23309.8,23309.8,12274125,20625,23264.85
2024-06-11,2024-07-25,23439.65,23439.65,1274100,91375,23264.85
2024-06-11,2024-08-29,23558.05,23558.05,376725,23000,23264.85
2024-06-12,2024-06-27,23355.1,23355.1,12369750,95625,23322.95
2024-06-12,2024-07-25,23476.95,23476.95,1785200,511100,23322.95
2024-06-12,2024-08-29,23600.85,23600.85,410200,33475,23322.95
2024-06-13,2024-06-27,23399.25,23399.25,12016200,-353550,23398.9
2024-06-13,2024-07-25,23521.4,23521.4,1978650,193450,23398.9
2024-06-13,2024-08-29,23641.05,23641.05,444850,34650,23398.9
2024-06-14,2024-06-27,23466.65,23466.65,12093850,77650,23465.6
2024-06-14,2024-07-25,23588.55,23588.55,2317875,339225,23465.6
2024-06-14,2024-08-29,23710.55,23710.55,476575,31725,23465.6
2024-06-18,2024-06-27,23568.1,23568.1,12311450,217600,23557.9
2024-06-18,2024-07-25,23688.55,23688.55,2384475,66600,23557.9
2024-06-18,2024-08-29,23807.9,23807.9,512125,35550,23557.9
2024-06-19,2024-06-27,23503.6,23503.6,12276400,-35050,23516.0
2024-06-19,2024-07-25,23624.6,23624.6,2528550,144075,23516.0
2024-06-19,2024-08-29,23750.85,23750.85,541300,29175,23516.0
2024-06-20,2024-06-27,23582.5,23582.5,12319175,42775,23567.0
2024-06-20,2024-07-25,23700.3,23700.3,2831075,302525,23567.0
2024-06-20,2024-08-29,23820.1,23820.1,564475,23175,23567.0
2024-06-21,2024-06-27,23487.3,23487.3,11693450,-625725,23501.1
2024-06-21,2024-07-25,23612.3,23612.3,3038350,207275,23501.1
2024-06-21,2024-08-29,23746.0,23746.0,576300,11825,23501.1
2024-06-24,2024-06-27,23543.2,23543.2,10216175,-1477275,23537.85
2024-06-24,2024-07-25,23669.8,23669.8,4760075,1721725,23537.85
2024-06-24,2024-08-29,23790.8,23790.8,611775,35475,23537.85
2024-06-25,2024-06-27,23731.25,23731.25,8921625,-1294550,23721.3
2024-06-25,2024-07-25,23831.65,23831.65,6805950,2045875,23721.3
2024-06-25,2024-08-29,23944.05,23944.05,707825,96050,23721.3
2024-06-26,2024-06-27,23867.95,23867.95,6613600,-2308025,23868.8
2024-06-26,2024-07-25,23972.5,23972.5,9590650,2784700,23868.8
2024-06-26,2024-08-29,24074.8,24074.8,839625,131800,23868.8
2024-06-27,2024-06-27,24038.05,24044.5,4717475,-1896125,24044.5
2024-06-27,2024-07-25,24095.85,24095.85,13928225,4337575,24044.5
2024-06-27,2024-08-29,24194.3,24194.3,1214625,375000,24044.5
2024-06-28,2024-07-25,24132.25,24132.25,14158500,230275,24010.6
2024-06-28,2024-08-29,24236.0,24236.0,1270650,56025,24010.6
2024-06-28,2024-09-26,24360.55,24360.55,61425,61425,24010.6
2024-07-01,2024-07-25,24206.25,24206.25,14590225,431725,24141.95
2024-07-01,2024-08-29,24311.1,24311.1,1319300,48650,24141.95
2024-07-01,2024-09-26,24433.8,24433.8,88000,26575,24141.95
2024-07-02,2024-07-25,24203.15,24203.15,14603925,13700,24123.85
2024-07-02,2024-08-29,24319.05,24319.05,1346250,26950,24123.85
2024-07-02,2024-09-26,24433.25,24433.25,104100,16100,24123.85
2024-07-03,2024-07-25,24350.4,24350.4,14480350,-123575,24286.5
2024-07-03,2024-08-29,24462.5,24462.5,1353525,7275,24286.5
2024-07-03,2024-09-26,24579.3,24579.3,135750,31650,24286.5
2024-07-04,2024-07-25,24359.45,24359.45,14542525,62175,24302.15
2024-07-04,2024-08-29,24471.0,24471.0,1359575,6050,24302.15
2024-07-04,2024-09-26,24589.25,24589.25,166500,30750,24302.15
2024-07-05,2024-07-25,24379.4,24379.4,14171325,-371200,24323.85
2024-07-05,2024-08-29,24497.25,24497.25,1387175,27600,24323.85
2024-07-05,2024-09-26,24624.45,24624.45,175700,9200,24323.85
2024-07-08,2024-07-25,24375.6,24375.6,14239275,67950,24320.55
2024-07-08,2024-08-29,24493.35,24493.35,1357450,-29725,24320.55
2024-07-08,2024-09-26,24620.85,24620.85,188450,12750,24320.55
2024-07-09,2024-07-25,24485.65,24485.65,14473150,233875,24433.2
2024-07-09,2024-08-29,24607.2,24607.2,1351800,-5650,24433.2
2024-07-09,2024-09-26,24724.9,24724.9,202225,13775,24433.2
2024-07-10,2024-07-25,24355.05,24355.05,14068000,-405150,24324.45
2024-07-10,2024-08-29,24480.5,24480.5,1483225,131425,24324.45
2024-07-10,2024-09-26,24608.0,24608.0,236875,34650,24324.45
2024-07-11,2024-07-25,24382.65,24382.65,13634150,-433850,24315.95
2024-07-11,2024-08-29,24513.85,24513.85,1584750,101525,24315.95
2024-07-11,2024-09-26,24633.05,24633.05,259425,22550,24315.95
2024-07-12,2024-07-25,24521.6,24521.6,13910350,276200,24502.15
2024-07-12,2024-08-29,24643.0,24643.0,1820075,235325,24502.15
2024-07-12,2024-09-26,24767.3,24767.3,307900,48475,24502.15
2024-07-15,2024-07-25,24621.7,24621.7,14272525,362175,24586.7
2024-07-15,2024-08-29,24736.3,24736.3,1971100,151025,24586.7
2024-07-15,2024-09-26,24859.4,24859.4,330675,22775,24586.7
2024-07-16,2024-07-25,24644.45,24644.45,14351225,78700,24613.0
2024-07-16,2024-08-29,24757.25,24757.25,2130500,159400,24613.0
2024-07-16,2024-09-26,24887.85,24887.85,360800,30125,24613.0
2024-07-18,2024-07-25,24809.05,24809.05,15053775,702550,24800.85
2024-07-18,2024-08-29,24924.15,24924.15,2770275,639775,24800.85
2024-07-18,2024-09-26,25044.05,25044.05,400275,39475,24800.85
2024-07-19,2024-07-25,24529.1,24529.1,14118050,-935725,24530.9
2024-07-19,2024-08-29,24657.2,24657.2,3159475,389200,24530.9
2024-07-19,2024-09-26,24794.75,24794.75,442850,42575,24530.9
2024-07-22,2024-07-25,24509.1,24509.1,13259600,-858450,24509.25
2024-07-22,2024-08-29,24627.7,24627.7,3738100,578625,24509.25
2024-07-22,2024-09-26,24758.95,24758.95,462075,19225,24509.25
2024-07-23,2024-07-25,24463.1,24463.1,11628100,-1631500,24479.05
2024-07-23,2024-08-29,24582.45,24582.45,4668725,930625,24479.05
2024-07-23,2024-09-26,24719.65,24719.65,523925,61850,24479.05
2024-07-24,2024-07-25,24388.75,24388.75,9326225,-2301875,24413.5
2024-07-24,2024-08-29,24492.2,24492.2,8403600,3734875,24413.5
2024-07-24,2024-09-26,24631.55,24631.55,554700,30775,24413.5
2024-07-25,2024-07-25,24405.25,24406.1,5990300,-3335925,24406.1
2024-07-25,2024-08-29,24455.4,24455.4,13021850,4618250,24406.1
2024-07-25,2024-09-26,24580.85,24580.85,753650,198950,24406.1
2024-07-26,2024-08-29,24915.45,24915.45,14264000,1242150,24834.85
2024-07-26,2024-09-26,25022.65,25022.65,930950,177300,24834.85
2024-07-26,2024-10-31,25146.0,25146.0,82075,82075,24834.85
2024-07-29,2024-08-29,24910.45,24910.45,14328600,64600,24836.1
2024-07-29,2024-09-26,25024.7,25024.7,933300,2350,24836.1
2024-07-29,2024-10-31,25158.2,25158.2,111775,29700,24836.1
2024-07-30,2024-08-29,24929.1,24929.1,14603500,274900,24857.3
2024-07-30,2024-09-26,25051.5,25051.5,977250,43950,24857.3
2024-07-30,2024-10-31,25170.35,25170.35,131900,20125,24857.3
2024-07-31,2024-08-29,25013.15,25013.15,15403300,799800,24951.15
2024-07-31,2024-09-26,25132.95,25132.95,1019925,42675,24951.15
2024-07-31,2024-10-31,25247.95,25247.95,155700,23800,24951.15
2024-08-01,2024-08-29,25032.25,25032.25,15668000,264700,25010.9
2024-08-01,2024-09-26,25147.6,25147.6,1084175,64250,25010.9
2024-08-01,2024-10-31,25264.05,25264.05,174225,18525,25010.9
2024-08-02,2024-08-29,24711.55,24711.55,15216625,-451375,24717.7
2024-08-02,2024-09-26,24835.8,24835.8,1060875,-23300,24717.7
2024-08-02,2024-10-31,24962.3,24962.3,200875,26650,24717.7
2024-08-05,2024-08-29,24102.95,24102.95,14664125,-552500,24055.6
2024-08-05,2024-09-26,24231.15,24231.15,1210125,149250,24055.6
2024-08-05,2024-10-31,24352.2,24352.2,258825,57950,24055.6
2024-08-06,2024-08-29,24056.9,24056.9,13443675,-1220450,23992.55
2024-08-06,2024-09-26,24179.85,24179.85,1285500,75375,23992.55
2024-08-06,2024-10-31,24321.25,24321.25,274975,16150,23992.55
2024-08-07,2024-08-29,24366.45,24366.45,12736375,-707300,24297.5
2024-08-07,2024-09-26,24499.25,24499.25,1258150,-27350,24297.5
2024-08-07,2024-10-31,24620.5,24620.5,277175,2200,24297.5
2024-08-08,2024-08-29,24136.55,24136.55,12343075,-393300,24117.0
2024-08-08,2024-09-26,24272.0,24272.0,1435450,177300,24117.0
2024-08-08,2024-10-31,24405.8,24405.8,311450,34275,24117.0
2024-08-09,2024-08-29,24401.5,24401.5,11709075,-634000,24367.5
2024-08-09,2024-09-26,24529.4,24529.4,1311825,-123625,24367.5
2024-08-09,2024-10-31,24653.35,24653.35,298150,-13300,24367.5
2024-08-12,2024-08-29,24356.8,24356.8,11704100,-4975,24347.0
2024-08-12,2024-09-26,24492.3,24492.3,1366725,54900,24347.0
2024-08-12,2024-10-31,24620.25,24620.25,309500,11350,24347.0
2024-08-13,2024-08-29,24161.0,24161.0,11998675,294575,24139.0
2024-08-13,2024-09-26,24292.2,24292.2,1542400,175675,24139.0
2024-08-13,2024-10-31,24430.5,24430.5,349925,40425,24139.0
2024-08-14,2024-08-29,24174.65,24174.65,11531500,-467175,24143.75
2024-08-14,2024-09-26,24307.65,24307.65,1559700,17300,24143.75
2024-08-14,2024-10-31,24434.45,24434.45,350750,825,24143.75
2024-08-16,2024-08-29,24585.5,24585.5,11295600,-235900,24541.15
2024-08-16,2024-09-26,24707.75,24707.75,1511475,-48225,24541.15
2024-08-16,2024-10-31,24828.5,24828.5,364225,13475,24541.15
2024-08-19,2024-08-29,24595.75,24595.75,10966725,-328875,24572.65
2024-08-19,2024-09-26,24723.5,24723.5,1568725,57250,24572.65
2024-08-19,2024-10-31,24849.55,24849.55,375725,11500,24572.65
2024-08-20,2024-08-29,24711.25,24711.25,10772675,-194050,24698.85
2024-08-20,2024-09-26,24841.15,24841.15,1697150,128425,24698.85
2024-08-20,2024-10-31,24964.2,24964.2,397825,22100,24698.85
2024-08-21,2024-08-29,24798.15,24798.15,10718300,-54375,24770.2
2024-08-21,2024-09-26,24922.85,24922.85,1906350,209200,24770.2
2024-08-21,2024-10-31,25042.6,25042.6,416100,18275,24770.2
2024-08-22,2024-08-29,24840.45,24840.45,10556000,-162300,24811.5
2024-08-22,2024-09-26,24966.25,24966.25,2185975,279625,24811.5
2024-08-22,2024-10-31,25087.6,25087.6,443975,27875,24811.5
2024-08-23,2024-08-29,24854.0,24854.0,10926300,370300,24823.15
2024-08-23,2024-09-26,24965.65,24965.65,2309125,123150,24823.15
2024-08-23,2024-10-31,25092.35,25092.35,467075,23100,24823.15
2024-08-26,2024-08-29,25043.3,25043.3,9749200,-1177100,25010.6
2024-08-26,2024-09-26,25165.5,25165.5,3895625,1586500,25010.6
2024-08-26,2024-10-31,25280.5,25280.5,531625,64550,25010.6
2024-08-27,2024-08-29,25017.7,25017.7,8029675,-1719525,25017.75
2024-08-27,2024-09-26,25133.7,25133.7,5876475,1980850,25017.75
2024-08-27,2024-10-31,25249.0,25249.0,584150,52525,25017.75
2024-08-28,2024-08-29,25048.35,25048.35,5837675,-2192000,25052.35
2024-08-28,2024-09-26,25161.6,25161.6,8751350,2874875,25052.35
2024-08-28,2024-10-31,25281.3,25281.3,664550,80400,25052.35
2024-08-29,2024-08-29,25169.9,25151.95,4112850,-1724825,25151.95
2024-08-29,2024-09-26,25265.2,25265.2,13244550,4493200,25151.95
2024-08-29,2024-10-31,25381.95,25381.95,914775,250225,25151.95
2024-08-30,2024-09-26,25376.9,25376.9,13936925,692375,25235.9
2024-08-30,2024-10-31,25498.45,25498.45,1009025,94250,25235.9
2024-08-30,2024-11-28,25623.85,25623.85,82850,82850,25235.9
2024-09-02,2024-09-26,25340.45,25340.45,14944100,1007175,25278.7
2024-09-02,2024-10-31,25467.8,25467.8,1070250,61225,25278.7
2024-09-02,2024-11-28,25586.4,25586.4,106450,23600,25278.7
2024-09-03,2024-09-26,25354.55,25354.55,15058375,114275,25279.85
2024-09-03,2024-10-31,25481.95,25481.95,1089100,18850,25279.85
2024-09-03,2024-11-28,25596.3,25596.3,129775,23325,25279.85
2024-09-04,2024-09-26,25247.8,25247.8,15240000,181625,25198.7
2024-09-04,2024-10-31,25378.15,25378.15,1085400,-3700,25198.7
2024-09-04,2024-11-28,25494.6,25494.6,149225,19450,25198.7
2024-09-05,2024-09-26,25236.75,25236.75,14884750,-355250,25145.1
2024-09-05,2024-10-31,25372.8,25372.8,1093775,8375,25145.1
2024-09-05,2024-11-28,25494.85,25494.85,180000,30775,25145.1
2024-09-06,2024-09-26,24906.0,24906.0,14273075,-611675,24852.15
2024-09-06,2024-10-31,25043.5,25043.5,1165325,71550,24852.15
2024-09-06,2024-11-28,25163.85,25163.85,257625,77625,24852.15
2024-09-09,2024-09-26,24985.0,24985.0,13714275,-558800,24936.4
2024-09-09,2024-10-31,25113.5,25113.5,1146025,-19300,24936.4
2024-09-09,2024-11-28,25237.3,25237.3,268150,10525,24936.4
2024-09-10,2024-09-26,25083.0,25083.0,13288750,-425525,25041.1
2024-09-10,2024-10-31,25212.45,25212.45,1137225,-8800,25041.1
2024-09-10,2024-11-28,25336.8,25336.8,268800,650,25041.1
2024-09-11,2024-09-26,24938.45,24938.45,13313500,24750,24918.45
2024-09-11,2024-10-31,25069.55,25069.55,1175150,37925,24918.45
2024-09-11,2024-11-28,25191.45,25191.45,292900,24100,24918.45
2024-09-12,2024-09-26,25356.3,25356.3,14633650,1320150,25388.9
2024-09-12,2024-10-31,25481.45,25481.45,1459725,284575,25388.9
2024-09-12,2024-11-28,25594.15,25594.15,355875,62975,25388.9
2024-09-13,2024-09-26,25372.6,25372.6,14401100,-232550,25356.5
2024-09-13,2024-10-31,25495.15,25495.15,1557475,97750,25356.5
2024-09-13,2024-11-28,25615.45,25615.45,349475,-6400,25356.5
2024-09-16,2024-09-26,25442.75,25442.75,13980850,-420250,25383.75
2024-09-16,2024-10-31,25565.2,25565.2,1617725,60250,25383.75
2024-09-16,2024-11-28,25682.65,25682.65,376325,26850,25383.75
2024-09-17,2024-09-26,25449.8,25449.8,13710425,-270425,25418.55
2024-09-17,2024-10-31,25571.65,25571.65,1740425,122700,25418.55
2024-09-17,2024-11-28,25685.55,25685.55,384775,8450,25418.55
2024-09-18,2024-09-26,25396.1,25396.1,13240225,-470200,25377.55
2024-09-18,2024-10-31,25519.8,25519.8,1853700,113275,25377.55
2024-09-18,2024-11-28,25634.4,25634.4,388875,4100,25377.55
2024-09-19,2024-09-26,25489.1,25489.1,13029375,-210850,25415.8
2024-09-19,2024-10-31,25611.75,25611.75,2232550,378850,25415.8
2024-09-19,2024-11-28,25722.4,25722.4,432825,43950,25415.8
2024-09-20,2024-09-26,25767.75,25767.75,13765225,735850,25790.95
2024-09-20,2024-10-31,25887.4,25887.4,3619325,1386775,25790.95
2024-09-20,2024-11-28,25984.5,25984.5,580750,147925,25790.95
2024-09-23,2024-09-26,25917.85,25917.85,11406150,-2359075,25939.05
2024-09-23,2024-10-31,26043.85,26043.85,6232400,2613075,25939.05
2024-09-23,2024-11-28,26143.95,26143.95,669025,88275,25939.05
2024-09-24,2024-09-26,25944.7,25944.7,8977325,-2428825,25940.4
2024-09-24,2024-10-31,26081.35,26081.35,9371550,3139150,25940.4
2024-09-24,2024-11-28,26179.8,26179.8,741200,72175,25940.4
2024-09-25,2024-09-26,25998.2,25998.2,6735350,-2241975,26004.15
2024-09-25,2024-10-31,26126.7,26126.7,11447425,2075875,26004.15
2024-09-25,2024-11-28,26232.0,26232.0,837475,96275,26004.15
2024-09-26,2024-09-26,26226.5,26216.05,4633000,-2102350,26216.05
2024-09-26,2024-10-31,26308.85,26308.85,16045125,4597700,26216.05
2024-09-26,2024-11-28,26402.35,26402.35,1146050,308575,26216.05
2024-09-27,2024-10-31,26345.15,26345.15,16284375,239250,26178.95
2024-09-27,2024-11-28,26459.15,26459.15,1178650,32600,26178.95
2024-09-27,2024-12-26,26564.1,26564.1,116425,116425,26178.95
2024-09-30,2024-10-31,25990.15,25990.15,14902375,-1382000,25810.85
2024-09-30,2024-11-28,26123.8,26123.8,1102750,-75900,25810.85
2024-09-30,2024-12-26,26242.85,26242.85,179650,63225,25810.85
2024-10-01,2024-10-31,25969.25,25969.25,14503875,-398500,25796.9
2024-10-01,2024-11-28,26098.5,26098.5,1107250,4500,25796.9
2024-10-01,2024-12-26,26231.0,26231.0,235425,55775,25796.9
2024-10-03,2024-10-31,25475.7,25475.7,13342125,-1161750,25250.1
2024-10-03,2024-11-28,25623.5,25623.5,1120700,13450,25250.1
2024-10-03,2024-12-26,25773.95,25773.95,369650,134225,25250.1
2024-10-04,2024-10-31,25173.85,25173.85,13793250,451125,25014.6
2024-10-04,2024-11-28,25327.2,25327.2,1222075,101375,25014.6
2024-10-04,2024-12-26,25478.6,25478.6,428025,58375,25014.6
2024-10-07,2024-10-31,24985.55,24985.55,13832575,39325,24795.75
2024-10-07,2024-11-28,25126.85,25126.85,1334250,112175,24795.75
2024-10-07,2024-12-26,25281.05,25281.05,459000,30975,24795.75
2024-10-08,2024-10-31,25131.65,25131.65,14034225,201650,25013.15
2024-10-08,2024-11-28,25273.95,25273.95,1401050,66800,25013.15
2024-10-08,2024-12-26,25424.45,25424.45,468800,9800,25013.15
2024-10-09,2024-10-31,25083.9,25083.9,13848275,-185950,24981.95
2024-10-09,2024-11-28,25230.4,25230.4,1485450,84400,24981.95
2024-10-09,2024-12-26,25387.5,25387.5,488575,19775,24981.95
2024-10-10,2024-10-31,25117.9,25117.9,14011025,162750,24998.45
2024-10-10,2024-11-28,25266.3,25266.3,1564725,79275,24998.45
2024-10-10,2024-12-26,25422.05,25422.05,513075,24500,24998.45
2024-10-11,2024-10-31,25049.55,25049.55,13816650,-194375,24964.25
2024-10-11,2024-11-28,25189.3,25189.3,1562800,-1925,24964.25
2024-10-11,2024-12-26,25338.6,25338.6,502300,-10775,24964.25
2024-10-14,2024-10-31,25221.5,25221.5,13494750,-321900,25127.95
2024-10-14,2024-11-28,25363.45,25363.45,1538175,-24625,25127.95
2024-10-14,2024-12-26,25507.7,25507.7,490250,-12050,25127.95
2024-10-15,2024-10-31,25118.35,25118.35,13604750,110000,25057.35
2024-10-15,2024-11-28,25265.55,25265.55,1594925,56750,25057.35
2024-10-15,2024-12-26,25420.75,25420.75,515050,24800,25057.35
2024-10-16,2024-10-31,25048.8,25048.8,13720100,115350,24971.3
2024-10-16,2024-11-28,25196.0,25196.0,1629125,34200,24971.3
2024-10-16,2024-12-26,25339.9,25339.9,508675,-6375,24971.3
2024-10-17,2024-10-31,24843.8,24843.8,13530700,-189400,24749.85
2024-10-17,2024-11-28,24985.05,24985.05,1729375,100250,24749.85
2024-10-17,2024-12-26,25137.3,25137.3,543725,35050,24749.85
2024-10-18,2024-10-31,24949.15,24949.15,13252475,-278225,24854.05
2024-10-18,2024-11-28,25089.55,25089.55,1804300,74925,24854.05
2024-10-18,2024-12-26,25240.05,25240.05,553250,9525,24854.05
2024-10-21,2024-10-31,24788.8,24788.8,12901075,-351400,24781.1
2024-10-21,2024-11-28,24924.7,24924.7,1868575,64275,24781.1
2024-10-21,2024-12-26,25084.6,25084.6,565575,12325,24781.1
2024-10-22,2024-10-31,24538.3,24538.3,13117600,216525,24472.1
2024-10-22,2024-11-28,24673.15,24673.15,1958800,90225,24472.1
2024-10-22,2024-12-26,24831.85,24831.85,604675,39100,24472.1
2024-10-23,2024-10-31,24482.65,24482.65,12892425,-225175,24435.5
2024-10-23,2024-11-28,24619.55,24619.55,2163925,205125,24435.5
2024-10-23,2024-12-26,24773.55,24773.55,631000,26325,24435.5
2024-10-24,2024-10-31,24452.0,24452.0,12805675,-86750,24399.4
2024-10-24,2024-11-28,24593.9,24593.9,2399825,235900,24399.4
2024-10-24,2024-12-26,24751.5,24751.5,653600,22600,24399.4
2024-10-25,2024-10-31,24192.75,24192.75,11990700,-814975,24180.8
2024-10-25,2024-11-28,24333.3,24333.3,2589000,189175,24180.8
2024-10-25,2024-12-26,24489.8,24489.8,745700,92100,24180.8
2024-10-28,2024-10-31,24348.45,24348.45,10147750,-1842950,24339.15
2024-10-28,2024-11-28,24482.05,24482.05,3694450,1105450,24339.15
2024-10-28,2024-12-26,24640.0,24640.0,740350,-5350,24339.15
2024-10-29,2024-10-31,24477.7,24477.7,8352250,-1795500,24466.85
2024-10-29,2024-11-28,24612.3,24612.3,5643625,1949175,24466.85
2024-10-29,2024-12-26,24761.25,24761.25,799925,59575,24466.85
2024-10-30,2024-10-31,24371.05,24371.05,6080175,-2272075,24340.85
2024-10-30,2024-11-28,24506.5,24506.5,7817475,2173850,24340.85
2024-10-30,2024-12-26,24653.9,24653.9,908200,108275,24340.85
2024-10-31,2024-10-31,24203.3,24205.35,4318600,-1761575,24205.35
2024-10-31,2024-11-28,24388.3,24388.3,10566025,2748550,24205.35
2024-10-31,2024-12-26,24543.05,24543.05,1031350,123150,24205.35
2024-11-01,2024-11-28,24383.65,24383.65,10605825,39800,24304.35
2024-11-01,2024-12-26,24525.05,24525.05,1055250,23900,24304.35
2024-11-01,2025-01-30,24651.6,24651.6,30250,30250,24304.35
2024-11-04,2024-11-28,24114.65,24114.65,11149425,543600,23995.35
2024-11-04,2024-12-26,24263.4,24263.4,1156025,100775,23995.35
2024-11-04,2025-01-30,24399.85,24399.85,127825,97575,23995.35
2024-11-05,2024-11-28,24295.45,24295.45,11172925,23500,24213.3
2024-11-05,2024-12-26,24439.85,24439.85,1200575,44550,24213.3
2024-11-05,2025-01-30,24582.05,24582.05,172000,44175,24213.3
2024-11-06,2024-11-28,24587.1,24587.1,11105675,-67250,24484.05
2024-11-06,2024-12-26,24734.9,24734.9,1257375,56800,24484.05
2024-11-06,2025-01-30,24882.8,24882.8,250125,78125,24484.05
2024-11-07,2024-11-28,24300.5,24300.5,11442325,336650,24199.35
2024-11-07,2024-12-26,24451.2,24451.2,1383125,125750,24199.35
2024-11-07,2025-01-30,24608.5,24608.5,315350,65225,24199.35
2024-11-08,2024-11-28,24219.85,24219.85,11303025,-139300,24148.2
2024-11-08,2024-12-26,24374.7,24374.7,1385000,1875,24148.2
2024-11-08,2025-01-30,24532.3,24532.3,338000,22650,24148.2
2024-11-11,2024-11-28,24226.3,24226.3,11261950,-41075,24141.3
2024-11-11,2024-12-26,24378.6,24378.6,1396325,11325,24141.3
2024-11-11,2025-01-30,24533.4,24533.4,338725,725,24141.3
2024-11-12,2024-11-28,23959.6,23959.6,11685000,423050,23883.45
2024-11-12,2024-12-26,24114.35,24114.35,1408125,11800,23883.45
2024-11-12,2025-01-30,24272.75,24272.75,369600,30875,23883.45
2024-11-13,2024-11-28,23658.55,23658.55,12011200,326200,23559.05
2024-11-13,2024-12-26,23805.55,23805.55,1541675,133550,23559.05
2024-11-13,2025-01-30,23964.95,23964.95,408975,39375,23559.05
2024-11-14,2024-11-28,23601.7,23601.7,12259750,248550,23532.7
2024-11-14,2024-12-26,23745.2,23745.2,1675400,133725,23532.7
2024-11-14,2025-01-30,23907.7,23907.7,442350,33375,23532.7
2024-11-18,2024-11-28,23513.95,23513.95,12129400,-130350,23453.8
2024-11-18,2024-12-26,23661.5,23661.5,1819925,144525,23453.8
2024-11-18,2025-01-30,23823.75,23823.75,468225,25875,23453.8
2024-11-19,2024-11-28,23534.8,23534.8,11496675,-632725,23518.5
2024-11-19,2024-12-26,23686.05,23686.05,1846400,26475,23518.5
2024-11-19,2025-01-30,23844.85,23844.85,551500,83275,23518.5
2024-11-21,2024-11-28,23348.7,23348.7,11233175,-263500,23349.9
2024-11-21,2024-12-26,23501.95,23501.95,2199575,353175,23349.9
2024-11-21,2025-01-30,23662.05,23662.05,623850,72350,23349.9
2024-11-22,2024-11-28,23886.55,23886.55,10009675,-1223500,23907.25
2024-11-22,2024-12-26,24022.9,24022.9,2347125,147550,23907.25
2024-11-22,2025-01-30,24189.95,24189.95,622875,-975,23907.25
2024-11-25,2024-11-28,24273.5,24273.5,9327400,-682275,24221.9
2024-11-25,2024-12-26,24421.55,24421.55,3238200,891075,24221.9
2024-11-25,2025-01-30,24568.3,24568.3,722125,99250,24221.9
2024-11-26,2024-11-28,24217.1,24217.1,7996775,-1330625,24194.5
2024-11-26,2024-12-26,24356.9,24356.9,4271150,1032950,24194.5
2024-11-26,2025-01-30,24520.35,24520.35,802250,80125,24194.5
2024-11-27,2024-11-28,24299.55,24299.55,6214400,-1782375,24274.9
2024-11-27,2024-12-26,24437.55,24437.55,7013300,2742150,24274.9
2024-11-27,2025-01-30,24603.5,24603.5,841975,39725,24274.9
2024-11-28,2024-11-28,23903.55,23914.15,3354450,-2859950,23914.15
2024-11-28,2024-12-26,24115.25,24115.25,11785675,4772375,23914.15
2024-11-28,2025-01-30,24283.45,24283.45,1094150,252175,23914.15
2024-11-29,2024-12-26,24304.15,24304.15,11366750,-418925,24131.1
2024-11-29,2025-01-30,24465.4,24465.4,1074750,-19400,24131.1
2024-11-29,2025-02-27,24596.4,24596.4,46125,46125,24131.1
2024-12-02,2024-12-26,24428.5,24428.5,11790500,423750,24276.05
2024-12-02,2025-01-30,24585.1,24585.1,1088225,13475,24276.05
2024-12-02,2025-02-27,24718.7,24718.7,67050,20925,24276.05
2024-12-03,2024-12-26,24547.0,24547.0,11635275,-155225,24457.15
2024-12-03,2025-01-30,24707.1,24707.1,1098125,9900,24457.15
2024-12-03,2025-02-27,24852.25,24852.25,102000,34950,24457.15
2024-12-04,2024-12-26,24561.7,24561.7,11551050,-84225,24467.45
2024-12-04,2025-01-30,24721.8,24721.8,1158050,59925,24467.45
2024-12-04,2025-02-27,24862.75,24862.75,125475,23475,24467.45
2024-12-05,2024-12-26,24764.35,24764.35,11174400,-376650,24708.4
2024-12-05,2025-01-30,24929.75,24929.75,1182425,24375,24708.4
2024-12-05,2025-02-27,25061.45,25061.45,142875,17400,24708.4
2024-12-06,2024-12-26,24783.25,24783.25,11357875,183475,24677.8
2024-12-06,2025-01-30,24951.1,24951.1,1275150,92725,24677.8
2024-12-06,2025-02-27,25089.6,25089.6,166200,23325,24677.8
2024-12-09,2024-12-26,24694.6,24694.6,11280775,-77100,24619.0
2024-12-09,2025-01-30,24865.15,24865.15,1304725,29575,24619.0
2024-12-09,2025-02-27,25011.3,25011.3,188850,22650,24619.0
2024-12-10,2024-12-26,24682.6,24682.6,11231800,-48975,24610.05
2024-12-10,2025-01-30,24856.65,24856.65,1348950,44225,24610.05
2024-12-10,2025-02-27,25005.15,25005.15,210525,21675,24610.05
2024-12-11,2024-12-26,24734.9,24734.9,11148225,-83575,24641.8
2024-12-11,2025-01-30,24909.75,24909.75,1397525,48575,24641.8
2024-12-11,2025-02-27,25050.7,25050.7,213825,3300,24641.8
2024-12-12,2024-12-26,24648.55,24648.55,11115625,-32600,24548.7
2024-12-12,2025-01-30,24829.3,24829.3,1456100,58575,24548.7
2024-12-12,2025-02-27,24980.7,24980.7,236025,22200,24548.7
2024-12-13,2024-12-26,24830.75,24830.75,10856375,-259250,24768.3
2024-12-13,2025-01-30,25006.7,25006.7,1483375,27275,24768.3
2024-12-13,2025-02-27,25135.3,25135.3,255375,19350,24768.3
2024-12-16,2024-12-26,24738.5,24738.5,10877125,20750,24668.25
2024-12-16,2025-01-30,24921.55,24921.55,1603100,119725,24668.25
2024-12-16,2025-02-27,25068.45,25068.45,289350,33975,24668.25
2024-12-17,2024-12-26,24417.65,24417.65,11065525,188400,24336.0
2024-12-17,2025-01-30,24608.2,24608.2,1923075,319975,24336.0
2024-12-17,2025-02-27,24759.1,24759.1,387600,98250,24336.0
2024-12-18,2024-12-26,24257.35,24257.35,10948275,-117250,24198.85
2024-12-18,2025-01-30,24441.2,24441.2,2174275,251200,24198.85
2024-12-18,2025-02-27,24592.25,24592.25,443100,55500,24198.85
2024-12-19,2024-12-26,24018.8,24018.8,10735200,-213075,23951.7
2024-12-19,2025-01-30,24204.45,24204.45,2625675,451400,23951.7
2024-12-19,2025-02-27,24356.0,24356.0,509100,66000,23951.7
2024-12-20,2024-12-26,23625.65,23625.65,10499150,-236050,23587.5
2024-12-20,2025-01-30,23793.4,23793.4,3516200,890525,23587.5
2024-12-20,2025-02-27,23940.5,23940.5,600525,91425,23587.5
2024-12-23,2024-12-26,23769.75,23769.75,9217925,-1281225,23753.45
2024-12-23,2025-01-30,23941.5,23941.5,4440425,924225,23753.45
2024-12-23,2025-02-27,24080.8,24080.8,657225,56700,23753.45
2024-12-24,2024-12-26,23770.6,23770.6,5721775,-3496150,23727.65
2024-12-24,2025-01-30,23929.25,23929.25,7838200,3397775,23727.65
2024-12-24,2025-02-27,24073.85,24073.85,787200,129975,23727.65
2024-12-26,2024-12-26,23748.7,23750.2,3477450,-2244325,23750.2
2024-12-26,2025-01-30,23919.75,23919.75,11162750,3324550,23750.2
2024-12-26,2025-02-27,24066.65,24066.65,924900,137700,23750.2
2024-12-27,2025-01-30,23992.65,23992.65,11695250,532500,23813.4
2024-12-27,2025-02-27,24132.6,24132.6,941700,16800,23813.4
2024-12-27,2025-03-27,24275.45,24275.45,35175,35175,23813.4
2024-12-30,2025-01-30,23816.7,23816.7,12373500,678250,23644.9
2024-12-30,2025-02-27,23962.3,23962.3,981900,40200,23644.9
2024-12-30,2025-03-27,24116.0,24116.0,77400,42225,23644.9
2024-12-31,2025-01-30,23805.85,23805.85,13291200,917700,23644.8
2024-12-31,2025-02-27,23952.85,23952.85,1022475,40575,23644.8
2024-12-31,2025-03-27,24094.0,24094.0,112950,35550,23644.8
2025-01-01,2025-01-30,23897.85,23897.85,13270450,-20750,23742.9
2025-01-01,2025-02-27,24039.75,24039.75,1045725,23250,23742.9
2025-01-01,2025-03-27,24195.4,24195.4,126525,13575,23742.9
2025-01-02,2025-01-30,24282.65,24282.65,12424650,-845800,24188.65
2025-01-02,2025-02-27,24410.85,24410.85,1093575,47850,24188.65
2025-01-02,2025-03-27,24554.3,24554.3,197775,71250,24188.65
2025-01-03,2025-01-30,24092.4,24092.4,12608625,183975,24004.75
2025-01-03,2025-02-27,24234.15,24234.15,1084650,-8925,24004.75
2025-01-03,2025-03-27,24384.6,24384.6,186750,-11025,24004.75
2025-01-06,2025-01-30,23721.05,23721.05,12439200,-169425,23616.05
2025-01-06,2025-02-27,23857.35,23857.35,1062075,-22575,23616.05
2025-01-06,2025-03-27,24014.6,24014.6,217050,30300,23616.05
2025-01-07,2025-01-30,23795.05,23795.05,12651100,211900,23707.9
2025-01-07,2025-02-27,23934.4,23934.4,1104225,42150,23707.9
2025-01-07,2025-03-27,24089.4,24089.4,263400,46350,23707.9
2025-01-08,2025-01-30,23781.35,23781.35,12927575,276475,23688.95
2025-01-08,2025-02-27,23922.9,23922.9,1231575,127350,23688.95
2025-01-08,2025-03-27,24081.7,24081.7,295350,31950,23688.95
2025-01-09,2025-01-30,23648.1,23648.1,13641200,713625,23526.5
2025-01-09,2025-02-27,23789.3,23789.3,1442700,211125,23526.5
2025-01-09,2025-03-27,23949.05,23949.05,333300,37950,23526.5
2025-01-10,2025-01-30,23500.65,23500.65,13543325,-97875,23431.5
2025-01-10,2025-02-27,23640.15,23640.15,1833600,390900,23431.5
2025-01-10,2025-03-27,23797.55,23797.55,385425,52125,23431.5
2025-01-13,2025-01-30,23162.1,23162.1,13866925,323600,23085.95
2025-01-13,2025-02-27,23298.05,23298.05,2335725,502125,23085.95
2025-01-13,2025-03-27,23452.8,23452.8,408675,23250,23085.95
2025-01-14,2025-01-30,23271.75,23271.75,13753850,-113075,23176.05
2025-01-14,2025-02-27,23399.6,23399.6,2802150,466425,23176.05
2025-01-14,2025-03-27,23562.4,23562.4,411450,2775,23176.05
2025-01-15,2025-01-30,23265.9,23265.9,13536300,-217550,23213.2
2025-01-15,2025-02-27,23400.65,23400.65,2906625,104475,23213.2
2025-01-15,2025-03-27,23546.55,23546.55,422400,10950,23213.2
2025-01-16,2025-01-30,23377.55,23377.55,13500850,-35450,23311.8
2025-01-16,2025-02-27,23508.65,23508.65,3265050,358425,23311.8
2025-01-16,2025-03-27,23653.5,23653.5,427200,4800,23311.8
2025-01-17,2025-01-30,23267.2,23267.2,14032150,531300,23203.2
2025-01-17,2025-02-27,23402.6,23402.6,3522600,257550,23203.2
2025-01-17,2025-03-27,23551.45,23551.45,435300,8100,23203.2
2025-01-20,2025-01-30,23400.2,23400.2,14133750,101600,23344.75
2025-01-20,2025-02-27,23534.3,23534.3,3653700,131100,23344.75
2025-01-20,2025-03-27,23687.2,23687.2,462675,27375,23344.75
2025-01-21,2025-01-30,23103.2,23103.2,14572600,438850,23024.65
2025-01-21,2025-02-27,23235.9,23235.9,4345575,691875,23024.65
2025-01-21,2025-03-27,23391.2,23391.2,500025,37350,23024.65
2025-01-22,2025-01-30,23198.95,23198.95,14085325,-487275,23155.35
2025-01-22,2025-02-27,23331.3,23331.3,4927200,581625,23155.35
2025-01-22,2025-03-27,23479.8,23479.8,507450,7425,23155.35
2025-01-23,2025-01-30,23263.7,23263.7,13637050,-448275,23205.35
2025-01-23,2025-02-27,23394.3,23394.3,5358825,431625,23205.35
2025-01-23,2025-03-27,23545.3,23545.3,508800,1350,23205.35
2025-01-24,2025-01-30,23113.9,23113.9,13209950,-427100,23092.2
2025-01-24,2025-02-27,23246.65,23246.65,5896575,537750,23092.2
2025-01-24,2025-03-27,23403.15,23403.15,525825,17025,23092.2
2025-01-27,2025-01-30,22846.45,22846.45,11804150,-1405800,22829.15
2025-01-27,2025-02-27,22968.4,22968.4,7708275,1811700,22829.15
2025-01-27,2025-03-27,23120.5,23120.5,617925,92100,22829.15
2025-01-28,2025-01-30,22977.7,22977.7,8969500,-2834650,22957.25
2025-01-28,2025-02-27,23101.25,23101.25,11127525,3419250,22957.25
2025-01-28,2025-03-27,23248.1,23248.1,662475,44550,22957.25
2025-01-29,2025-01-30,23148.25,23148.25,6367950,-2601550,23163.1
2025-01-29,2025-02-27,23279.35,23279.35,13918125,2790600,23163.1
2025-01-29,2025-03-27,23428.8,23428.8,699975,37500,23163.1
2025-01-30,2025-01-30,23235.1,23249.5,4310725,-2057225,23249.5
2025-01-30,2025-02-27,23418.3,23418.3,17296050,3377925,23249.5
2025-01-30,2025-03-27,23568.3,23568.3,812925,112950,23249.5
2025-01-31,2025-02-27,23620.2,23620.2,17774775,478725,23508.4
2025-01-31,2025-03-27,23765.15,23765.15,851175,38250,23508.4
2025-01-31,2025-04-24,23899.4,23899.4,49125,49125,23508.4
2025-02-03,2025-02-27,23442.75,23442.75,17125575,-266700,23361.05
2025-02-03,2025-03-27,23581.25,23581.25,862950,1725,23361.05
2025-02-03,2025-04-24,23721.1,23721.1,80625,16125,23361.05
2025-02-04,2025-02-27,23785.4,23785.4,16697400,-428175,23739.25
2025-02-04,2025-03-27,23923.45,23923.45,885900,22950,23739.25
2025-02-04,2025-04-24,24064.4,24064.4,103575,22950,23739.25
2025-02-05,2025-02-27,23772.6,23772.6,16613175,-84225,23696.3
2025-02-05,2025-03-27,23915.8,23915.8,888975,3075,23696.3
2025-02-05,2025-04-24,24062.05,24062.05,114450,10875,23696.3
2025-02-06,2025-02-27,23688.9,23688.9,16787400,174225,23603.35
2025-02-06,2025-03-27,23835.3,23835.3,930525,41550,23603.35
2025-02-06,2025-04-24,23976.55,23976.55,135675,21225,23603.35
2025-02-07,2025-02-27,23614.95,23614.95,16761000,-26400,23559.95
2025-02-07,2025-03-27,23765.7,23765.7,963300,32775,23559.95
2025-02-07,2025-04-24,23903.65,23903.65,147900,12225,23559.95
2025-02-10,2025-02-27,23459.15,23459.15,17100975,339975,23381.6
2025-02-10,2025-03-27,23610.6,23610.6,1041825,78525,23381.6
2025-02-10,2025-04-24,23752.3,23752.3,176925,29025,23381.6
2025-02-11,2025-02-27,23153.15,23153.15,17240925,139950,23071.8
2025-02-11,2025-03-27,23293.8,23293.8,1152825,111000,23071.8
2025-02-11,2025-04-24,23441.0,23441.0,224550,47625,23071.8
2025-02-12,2025-02-27,23123.85,23123.85,17572200,331275,23045.25
2025-02-12,2025-03-27,23265.8,23265.8,1292625,139800,23045.25
2025-02-12,2025-04-24,23411.1,23411.1,260175,35625,23045.25
2025-02-13,2025-02-27,23107.75,23107.75,17272950,-299250,23031.4
2025-02-13,2025-03-27,23242.2,23242.2,1432575,139950,23031.4
2025-02-13,2025-04-24,23391.4,23391.4,271275,11100,23031.4
2025-02-14,2025-02-27,22995.65,22995.65,17385600,112650,22929.25
2025-02-14,2025-03-27,23129.05,23129.05,1659225,226650,22929.25
2025-02-14,2025-04-24,23277.85,23277.85,317925,46650,22929.25
2025-02-17,2025-02-27,23026.4,23026.4,17193300,-192300,22959.5
2025-02-17,2025-03-27,23162.05,23162.05,1804125,144900,22959.5
2025-02-17,2025-04-24,23304.45,23304.45,358425,40500,22959.5
2025-02-18,2025-02-27,22972.6,22972.6,16780425,-412875,22945.3
2025-02-18,2025-03-27,23101.35,23101.35,2020050,215925,22945.3
2025-02-18,2025-04-24,23251.15,23251.15,383025,24600,22945.3
2025-02-19,2025-02-27,22964.5,22964.5,16659825,-120600,22932.9
2025-02-19,2025-03-27,23099.8,23099.8,2306175,286125,22932.9
2025-02-19,2025-04-24,23247.0,23247.0,427500,44475,22932.9
2025-02-20,2025-02-27,22942.5,22942.5,16391775,-268050,22913.15
2025-02-20,2025-03-27,23083.35,23083.35,2879400,573225,22913.15
2025-02-20,2025-04-24,23226.45,23226.45,452850,25350,22913.15
2025-02-21,2025-02-27,22822.6,22822.6,15082500,-1309275,22795.9
2025-02-21,2025-03-27,22963.05,22963.05,4159350,1279950,22795.9
2025-02-21,2025-04-24,23105.15,23105.15,507225,54375,22795.9
2025-02-24,2025-02-27,22612.65,22612.65,11660625,-3421875,22553.35
2025-02-24,2025-03-27,22744.55,22744.55,8394450,4235100,22553.35
2025-02-24,2025-04-24,22895.1,22895.1,575100,67875,22553.35
2025-02-25,2025-02-27,22582.15,22582.15,7711800,-3948825,22547.55
2025-02-25,2025-03-27,22716.2,22716.2,12197550,3803100,22547.55
2025-02-25,2025-04-24,22866.8,22866.8,676725,101625,22547.55
2025-02-27,2025-02-27,22547.75,22545.05,3467625,-4244175,22545.05
2025-02-27,2025-03-27,22683.65,22683.65,16756425,4558875,22545.05
2025-02-27,2025-04-24,22835.45,22835.45,882975,206250,22545.05
2025-02-28,2025-03-27,22280.05,22280.05,17905950,1149525,22124.7
2025-02-28,2025-04-24,22431.45,22431.45,991950,108975,22124.7
2025-02-28,2025-05-29,22556.15,22556.15,94950,94950,22124.7
2025-03-03,2025-03-27,22259.8,22259.8,17949600,43650,22119.3
2025-03-03,2025-04-24,22406.8,22406.8,1123500,131550,22119.3
2025-03-03,2025-05-29,22534.6,22534.6,240900,145950,22119.3
2025-03-04,2025-03-27,22191.05,22191.05,18198750,249150,22082.65
2025-03-04,2025-04-24,22334.85,22334.85,1217700,94200,22082.65
2025-03-04,2025-05-29,22450.1,22450.1,330150,89250,22082.65
2025-03-05,2025-03-27,22441.35,22441.35,17827425,-371325,22337.3
2025-03-05,2025-04-24,22590.2,22590.2,1429800,212100,22337.3
2025-03-05,2025-05-29,22705.45,22705.45,568050,237900,22337.3
2025-03-06,2025-03-27,22620.95,22620.95,18106275,278850,22544.7
2025-03-06,2025-04-24,22763.85,22763.85,1409925,-19875,22544.7
2025-03-06,2025-05-29,22873.7,22873.7,602550,34500,22544.7
2025-03-07,2025-03-27,22649.95,22649.95,18054525,-51750,22552.5
2025-03-07,2025-04-24,22797.3,22797.3,1467000,57075,22552.5
2025-03-07,2025-05-29,22907.9,22907.9,612375,9825,22552.5
2025-03-10,2025-03-27,22515.65,22515.65,17677275,-377250,22460.3
2025-03-10,2025-04-24,22662.3,22662.3,1496550,29550,22460.3
2025-03-10,2025-05-29,22771.8,22771.8,706050,93675,22460.3
2025-03-11,2025-03-27,22564.3,22564.3,17580075,-97200,22497.9
2025-03-11,2025-04-24,22707.25,22707.25,1580475,83925,22497.9
2025-03-11,2025-05-29,22816.65,22816.65,826125,120075,22497.9
2025-03-12,2025-03-27,22530.35,22530.35,17460150,-119925,22470.5
2025-03-12,2025-04-24,22673.2,22673.2,1668975,88500,22470.5
2025-03-12,2025-05-29,22780.65,22780.65,919500,93375,22470.5
2025-03-13,2025-03-27,22444.25,22444.25,17564925,104775,22397.2
2025-03-13,2025-04-24,22591.1,22591.1,1700400,31425,22397.2
2025-03-13,2025-05-29,22694.15,22694.15,927150,7650,22397.2
2025-03-17,2025-03-27,22584.3,22584.3,17206125,-358800,22508.75
2025-03-17,2025-04-24,22728.9,22728.9,1783950,83550,22508.75
2025-03-17,2025-05-29,22826.2,22826.2,959775,32625,22508.75
2025-03-18,2025-03-27,22895.4,22895.4,16764675,-441450,22834.3
2025-03-18,2025-04-24,23031.6,23031.6,2025075,241125,22834.3
2025-03-18,2025-05-29,23147.1,23147.1,1013850,54075,22834.3
2025-03-19,2025-03-27,22972.95,22972.95,16443750,-320925,22907.6
2025-03-19,2025-04-24,23123.45,23123.45,2344050,318975,22907.6
2025-03-19,2025-05-29,23235.4,23235.4,1102050,88200,22907.6
2025-03-20,2025-03-27,23200.25,23200.25,15414525,-1029225,23190.65
2025-03-20,2025-04-24,23346.5,23346.5,2676525,332475,23190.65
2025-03-20,2025-05-29,23458.2,23458.2,1168200,66150,23190.65
2025-03-21,2025-03-27,23379.85,23379.85,14353050,-1061475,23350.4
2025-03-21,2025-04-24,23527.5,23527.5,3040350,363825,23350.4
2025-03-21,2025-05-29,23651.2,23651.2,1246875,78675,23350.4
2025-03-24,2025-03-27,23699.35,23699.35,12926625,-1426425,23658.35
2025-03-24,2025-04-24,23844.15,23844.15,4772325,1731975,23658.35
2025-03-24,2025-05-29,23979.7,23979.7,1313550,66675,23658.35
2025-03-25,2025-03-27,23705.35,23705.35,11648400,-1278225,23668.65
2025-03-25,2025-04-24,23861.55,23861.55,6784800,2012475,23668.65
2025-03-25,2025-05-29,23981.15,23981.15,1377825,64275,23668.65
2025-03-26,2025-03-27,23521.9,23521.9,7067400,-4581000,23486.85
2025-03-26,2025-04-24,23681.45,23681.45,9984900,3200100,23486.85
2025-03-26,2025-05-29,23812.2,23812.2,1472175,94350,23486.85
2025-03-27,2025-03-27,23593.6,23591.95,4421475,-2645925,23591.95
2025-03-27,2025-04-24,23777.65,23777.65,12423450,2438550,23591.95
2025-03-27,2025-05-29,23898.15,23898.15,1650300,178125,23591.95
2025-03-28,2025-04-24,23637.65,23637.65,12560100,136650,23519.35
2025-03-28,2025-05-29,23765.45,23765.45,1693200,42900,23519.35
2025-03-28,2025-06-26,23874.9,23874.9,172650,172650,23519.35
2025-04-01,2025-04-24,23321.4,23321.4,12808425,248325,23165.7
2025-04-01,2025-05-29,23437.5,23437.5,1450875,-242325,23165.7
2025-04-01,2025-06-26,23547.9,23547.9,371175,198525,23165.7
2025-04-02,2025-04-24,23438.95,23438.95,12604950,-203475,23332.35
2025-04-02,2025-05-29,23550.75,23550.75,1473975,23100,23332.35
2025-04-02,2025-06-26,23651.5,23651.5,443475,72300,23332.35
2025-04-03,2025-04-24,23325.95,23325.95,13032300,427350,23250.1
2025-04-03,2025-05-29,23450.2,23450.2,1470375,-3600,23250.1
2025-04-03,2025-06-26,23560.5,23560.5,462075,18600,23250.1
2025-04-04,2025-04-24,22958.15,22958.15,13654275,621975,22904.45
2025-04-04,2025-05-29,23079.8,23079.8,1478550,8175,22904.45
2025-04-04,2025-06-26,23180.95,23180.95,561450,99375,22904.45
2025-04-07,2025-04-24,22263.8,22263.8,13875975,221700,22161.6
2025-04-07,2025-05-29,22368.45,22368.45,1586775,108225,22161.6
2025-04-07,2025-06-26,22460.45,22460.45,926400,364950,22161.6
2025-04-08,2025-04-24,22630.35,22630.35,13430775,-445200,22535.85
2025-04-08,2025-05-29,22744.35,22744.35,1633125,46350,22535.85
2025-04-08,2025-06-26,22850.1,22850.1,909075,-17325,22535.85
2025-04-09,2025-04-24,22479.65,22479.65,13164825,-265950,22399.15
2025-04-09,2025-05-29,22587.8,22587.8,1730775,97650,22399.15
2025-04-09,2025-06-26,22694.8,22694.8,936525,27450,22399.15
2025-04-11,2025-04-24,22917.65,22917.65,12919500,-245325,22828.55
2025-04-11,2025-05-29,23027.1,23027.1,1808700,77925,22828.55
2025-04-11,2025-06-26,23126.8,23126.8,967800,31275,22828.55
2025-04-15,2025-04-24,23340.9,23340.9,12380700,-538800,23328.55
2025-04-15,2025-05-29,23452.9,23452.9,1913475,104775,23328.55
2025-04-15,2025-06-26,23551.4,23551.4,970200,2400,23328.55
2025-04-16,2025-04-24,23433.5,23433.5,12106575,-274125,23437.2
2025-04-16,2025-05-29,23545.8,23545.8,2097225,183750,23437.2
2025-04-16,2025-06-26,23656.0,23656.0,989325,19125,23437.2
2025-04-17,2025-04-24,23851.3,23851.3,11622975,-483600,23851.65
2025-04-17,2025-05-29,23956.4,23956.4,2715600,618375,23851.65
2025-04-17,2025-06-26,24060.2,24060.2,1144350,155025,23851.65
2025-04-21,2025-04-24,24135.5,24135.5,11051175,-571800,24125.55
2025-04-21,2025-05-29,24268.3,24268.3,3508125,792525,24125.55
2025-04-21,2025-06-26,24369.4,24369.4,1185750,41400,24125.55
2025-04-22,2025-04-24,24169.0,24169.0,8816400,-2234775,24167.25
2025-04-22,2025-05-29,24303.4,24303.4,6043200,2535075,24167.25
2025-04-22,2025-06-26,24414.3,24414.3,1230450,44700,24167.25
2025-04-23,2025-04-24,24312.7,24312.7,5549550,-3266850,24328.95
2025-04-23,2025-05-29,24448.7,24448.7,9082350,3039150,24328.95
2025-04-23,2025-06-26,24557.2,24557.2,1280850,50400,24328.95
2025-04-24,2025-04-24,24245.7,24246.7,3392175,-2157375,24246.7
2025-04-24,2025-05-29,24373.0,24373.0,11503875,2421525,24246.7
2025-04-24,2025-06-26,24474.5,24474.5,1321575,40725,24246.7
2025-04-25,2025-05-29,24139.1,24139.1,11736900,233025,24039.35
2025-04-25,2025-06-26,24243.4,24243.4,1403025,81450,24039.35
2025-04-25,2025-07-31,24366.4,24366.4,67500,67500,24039.35
2025-04-28,2025-05-29,24452.8,24452.8,12629700,892800,24328.5
2025-04-28,2025-06-26,24557.8,24557.8,1484775,81750,24328.5
2025-04-28,2025-07-31,24683.7,24683.7,117225,49725,24328.5
2025-04-29,2025-05-29,24425.3,24425.3,13070550,440850,24335.95
2025-04-29,2025-06-26,24527.1,24527.1,1550100,65325,24335.95
2025-04-29,2025-07-31,24663.5,24663.5,156900,39675,24335.95
2025-04-30,2025-05-29,24418.4,24418.4,13347750,277200,24334.2
2025-04-30,2025-06-26,24520.5,24520.5,1583625,33525,24334.2
2025-04-30,2025-07-31,24647.0,24647.0,169125,12225,24334.2
2025-05-02,2025-05-29,24400.7,24400.7,12934800,-412950,24346.7
2025-05-02,2025-06-26,24507.3,24507.3,1591725,8100,24346.7
2025-05-02,2025-07-31,24639.0,24639.0,203550,34425,24346.7
2025-05-05,2025-05-29,24553.7,24553.7,13520250,585450,24461.15
2025-05-05,2025-06-26,24658.9,24658.9,1657725,66000,24461.15
2025-05-05,2025-07-31,24796.9,24796.9,204000,450,24461.15
2025-05-06,2025-05-29,24431.4,24431.4,13527900,7650,24379.6
2025-05-06,2025-06-26,24535.4,24535.4,1711350,53625,24379.6
2025-05-06,2025-07-31,24672.1,24672.1,240225,36225,24379.6
2025-05-07,2025-05-29,24461.4,24461.4,13159275,-368625,24414.4
2025-05-07,2025-06-26,24570.3,24570.3,1738800,27450,24414.4
2025-05-07,2025-07-31,24707.4,24707.4,267900,27675,24414.4
2025-05-08,2025-05-29,24271.9,24271.9,12776925,-382350,24273.8
2025-05-08,2025-06-26,24362.6,24362.6,1898850,160050,24273.8
2025-05-08,2025-07-31,24510.9,24510.9,264225,-3675,24273.8
2025-05-09,2025-05-29,24065.5,24065.5,12619800,-157125,24008.0
2025-05-09,2025-06-26,24174.3,24174.3,2057625,158775,24008.0
2025-05-09,2025-07-31,24315.0,24315.0,295650,31425,24008.0
2025-05-12,2025-05-29,25044.1,25044.1,12644025,24225,24924.7
2025-05-12,2025-06-26,25150.8,25150.8,2717475,659850,24924.7
2025-05-12,2025-07-31,25275.6,25275.6,332175,36525,24924.7
2025-05-13,2025-05-29,24640.2,24640.2,12246525,-397500,24578.35
2025-05-13,2025-06-26,24757.1,24757.1,2921325,203850,24578.35
2025-05-13,2025-07-31,24899.6,24899.6,386925,54750,24578.35
2025-05-14,2025-05-29,24715.9,24715.9,11632575,-613950,24666.9
2025-05-14,2025-06-26,24830.9,24830.9,2991600,70275,24666.9
2025-05-14,2025-07-31,24965.4,24965.4,391500,4575,24666.9
2025-05-15,2025-05-29,25078.7,25078.7,12191025,558450,25062.1
2025-05-15,2025-06-26,25191.2,25191.2,3400800,409200,25062.1
2025-05-15,2025-07-31,25318.6,25318.6,386925,-4575,25062.1
2025-05-16,2025-05-29,25078.7,25078.7,11973975,-217050,25019.8
2025-05-16,2025-06-26,25191.6,25191.6,3611400,210600,25019.8
2025-05-16,2025-07-31,25329.7,25329.7,434100,47175,25019.8
2025-05-19,2025-05-29,24976.4,24976.4,11775375,-198600,24945.45
2025-05-19,2025-06-26,25093.9,25093.9,3729150,117750,24945.45
2025-05-19,2025-07-31,25232.0,25232.0,455400,21300,24945.45
2025-05-20,2025-05-29,24774.6,24774.6,11175975,-599400,24683.9
2025-05-20,2025-06-26,24873.1,24873.1,5784750,2055600,24683.9
2025-05-20,2025-07-31,25022.9,25022.9,514725,59325,24683.9
2025-05-21,2025-05-29,24832.2,24832.2,10785750,-390225,24813.45
2025-05-21,2025-06-26,24931.2,24931.2,7192725,1407975,24813.45
2025-05-21,2025-07-31,25064.2,25064.2,530775,16050,24813.45
2025-05-22,2025-05-29,24652.2,24652.2,10423125,-362625,24609.7
2025-05-22,2025-06-26,24758.0,24758.0,7801050,608325,24609.7
2025-05-22,2025-07-31,24896.7,24896.7,606525,75750,24609.7
2025-05-23,2025-05-29,24879.9,24879.9,10398000,-25125,24853.15
2025-05-23,2025-06-26,24972.8,24972.8,8199150,398100,24853.15
2025-05-23,2025-07-31,25105.0,25105.0,816750,210225,24853.15
2025-05-26,2025-05-29,25035.9,25035.9,9418875,-979125,25001.15
2025-05-26,2025-06-26,25127.7,25127.7,9353700,1154550,25001.15
2025-05-26,2025-07-31,25254.0,25254.0,966825,150075,25001.15
2025-05-27,2025-05-29,24862.6,24862.6,7685625,-1733250,24826.2
2025-05-27,2025-06-26,24963.4,24963.4,10191375,837675,24826.2
2025-05-27,2025-07-31,25094.7,25094.7,1306650,339825,24826.2
2025-05-28,2025-05-29,24762.5,24762.5,5931375,-1754250,24752.45
2025-05-28,2025-06-26,24860.7,24860.7,12391350,2199975,24752.45
2025-05-28,2025-07-31,24996.1,24996.1,1462575,155925,24752.45
2025-05-29,2025-05-29,24814.2,24833.6,3945300,-1986075,24833.6
2025-05-29,2025-06-26,24942.8,24942.8,12683625,292275,24833.6
2025-05-29,2025-07-31,25084.3,25084.3,2243925,781350,24833.6
2025-05-30,2025-06-26,24871.2,24871.2,13020000,336375,24750.7
2025-05-30,2025-07-31,25002.6,25002.6,2560950,317025,24750.7
2025-05-30,2025-08-28,25126.0,25126.0,34575,34575,24750.7
2025-06-02,2025-06-26,24826.3,24826.3,12674100,-345900,24716.6
2025-06-02,2025-07-31,24965.6,24965.6,2828025,267075,24716.6
2025-06-02,2025-08-28,25077.6,25077.6,60975,26400,24716.6
2025-06-03,2025-06-26,24675.3,24675.3,12731325,57225,24542.5
2025-06-03,2025-07-31,24816.2,24816.2,3503250,675225,24542.5
2025-06-03,2025-08-28,24916.0,24916.0,105525,44550,24542.5
2025-06-04,2025-06-26,24729.4,24729.4,12494550,-236775,24620.2
2025-06-04,2025-07-31,24865.4,24865.4,3963375,460125,24620.2
2025-06-04,2025-08-28,24973.3,24973.3,123750,18225,24620.2
2025-06-05,2025-06-26,24861.4,24861.4,12317325,-177225,24750.9
2025-06-05,2025-07-31,24999.1,24999.1,4818150,854775,24750.9
2025-06-05,2025-08-28,25107.4,25107.4,152550,28800,24750.9
2025-06-06,2025-06-26,25096.3,25096.3,12180600,-136725,25003.05
2025-06-06,2025-07-31,25226.9,25226.9,5003250,185100,25003.05
2025-06-06,2025-08-28,25339.8,25339.8,189300,36750,25003.05
2025-06-09,2025-06-26,25181.8,25181.8,11925600,-255000,25103.2
2025-06-09,2025-07-31,25316.6,25316.6,5245950,242700,25103.2
2025-06-09,2025-08-28,25422.5,25422.5,221850,32550,25103.2
2025-06-10,2025-06-26,25160.6,25160.6,11487600,-438000,25104.25
2025-06-10,2025-07-31,25295.0,25295.0,5335200,89250,25104.25
2025-06-10,2025-08-28,25401.3,25401.3,263775,41925,25104.25
2025-06-11,2025-06-26,25211.7,25211.7,11403000,-84600,25141.4
2025-06-11,2025-07-31,25342.4,25342.4,5408250,73050,25141.4
2025-06-11,2025-08-28,25447.1,25447.1,347325,83550,25141.4
2025-06-12,2025-06-26,24937.4,24937.4,11388075,-14925,24888.2
2025-06-12,2025-07-31,25068.7,25068.7,5735625,327375,24888.2
2025-06-12,2025-08-28,25169.6,25169.6,450825,103500,24888.2
2025-06-13,2025-06-26,24727.4,24727.4,11825400,437325,24718.6
2025-06-13,2025-07-31,24856.8,24856.8,5864700,129075,24718.6
2025-06-13,2025-08-28,24970.0,24970.0,480825,30000,24718.6
2025-06-16,2025-06-26,24996.2,24996.2,11748900,-76500,24946.5
2025-06-16,2025-07-31,25113.3,25113.3,6054075,189375,24946.5
2025-06-16,2025-08-28,25220.6,25220.6,572250,91425,24946.5
2025-06-17,2025-06-26,24868.8,24868.8,11568075,-180825,24853.4
2025-06-17,2025-07-31,24985.4,24985.4,6266775,212700,24853.4
2025-06-17,2025-08-28,25092.9,25092.9,584925,12675,24853.4
2025-06-18,2025-06-26,24826.9,24826.9,11174250,-393825,24812.05
2025-06-18,2025-07-31,24941.6,24941.6,6371400,104625,24812.05
2025-06-18,2025-08-28,25050.4,25050.4,646725,61800,24812.05
2025-06-19,2025-06-26,24803.1,24803.1,11068050,-106200,24793.25
2025-06-19,2025-07-31,24915.5,24915.5,6598050,226650,24793.25
2025-06-19,2025-08-28,25017.9,25017.9,657300,10575,24793.25
2025-06-20,2025-06-26,25111.7,25111.7,10854000,-214050,25112.4
2025-06-20,2025-07-31,25201.2,25201.2,7210425,612375,25112.4
2025-06-20,2025-08-28,25301.0,25301.0,826350,169050,25112.4
2025-06-23,2025-06-26,24993.3,24993.3,9159975,-1694025,24971.9
2025-06-23,2025-07-31,25102.3,25102.3,8506425,1296000,24971.9
2025-06-23,2025-08-28,25207.3,25207.3,912900,86550,24971.9
2025-06-24,2025-06-26,25071.7,25071.7,7305300,-1854675,25044.35
2025-06-24,2025-07-31,25179.1,25179.1,11100825,2594400,25044.35
2025-06-24,2025-08-28,25302.2,25302.2,1093200,180300,25044.35
2025-06-25,2025-06-26,25252.2,25252.2,5420850,-1884450,25244.75
2025-06-25,2025-07-31,25350.2,25350.2,13085475,1984650,25244.75
2025-06-25,2025-08-28,25463.1,25463.1,1197375,104175,25244.75
2025-06-26,2025-06-26,25551.0,25549.0,4190625,-1230225,25549.0
2025-06-26,2025-07-31,25615.0,25615.0,14836575,1751100,25549.0
2025-06-26,2025-08-28,25725.5,25725.5,1448175,250800,25549.0
2025-06-27,2025-07-31,25750.2,25750.2,14899275,62700,25637.8
2025-06-27,2025-08-28,25859.1,25859.1,1474425,26250,25637.8
2025-06-27,2025-09-25,26008.0,26008.0,105225,105225,25637.8
2025-06-30,2025-07-31,25614.2,25614.2,14414550,-484725,25517.05
2025-06-30,2025-08-28,25733.9,25733.9,1586700,112275,25517.05
2025-06-30,2025-09-25,25880.4,25880.4,161925,56700,25517.05
2025-07-01,2025-07-31,25643.3,25643.3,14546325,131775,25541.8
2025-07-01,2025-08-28,25756.9,25756.9,1644375,57675,25541.8
2025-07-01,2025-09-25,25910.1,25910.1,179175,17250,25541.8
2025-07-02,2025-07-31,25546.1,25546.1,14085450,-460875,25453.4
2025-07-02,2025-08-28,25650.8,25650.8,1716450,72075,25453.4
2025-07-02,2025-09-25,25808.2,25808.2,218475,39300,25453.4
2025-07-03,2025-07-31,25508.6,25508.6,13701525,-383925,25405.3
2025-07-03,2025-08-28,25615.0,25615.0,1905150,188700,25405.3
2025-07-03,2025-09-25,25772.5,25772.5,232500,14025,25405.3
2025-07-04,2025-07-31,25540.1,25540.1,13464600,-236925,25461.0
2025-07-04,2025-08-28,25652.7,25652.7,2096625,191475,25461.0
2025-07-04,2025-09-25,25799.8,25799.8,249750,17250,25461.0
2025-07-07,2025-07-31,25538.9,25538.9,13276800,-187800,25461.3
2025-07-07,2025-08-28,25650.3,25650.3,2558025,461400,25461.3
2025-07-07,2025-09-25,25797.7,25797.7,256725,6975,25461.3
2025-07-08,2025-07-31,25611.9,25611.9,13341975,65175,25522.5
2025-07-08,2025-08-28,25728.4,25728.4,3161100,603075,25522.5
2025-07-08,2025-09-25,25869.7,25869.7,258975,2250,25522.5
2025-07-09,2025-07-31,25558.8,25558.8,13456800,114825,25476.1
2025-07-09,2025-08-28,25667.5,25667.5,3567825,406725,25476.1
2025-07-09,2025-09-25,25819.7,25819.7,277500,18525,25476.1
2025-07-10,2025-07-31,25421.9,25421.9,13465950,9150,25355.25
2025-07-10,2025-08-28,25532.2,25532.2,3754875,187050,25355.25
2025-07-10,2025-09-25,25688.0,25688.0,307875,30375,25355.25
2025-07-11,2025-07-31,25223.4,25223.4,13451400,-14550,25149.85
2025-07-11,2025-08-28,25327.5,25327.5,3935925,181050,25149.85
2025-07-11,2025-09-25,25489.8,25489.8,368775,60900,25149.85
2025-07-14,2025-07-31,25167.5,25167.5,13697325,245925,25082.3
2025-07-14,2025-08-28,25268.8,25268.8,4445550,509625,25082.3
2025-07-14,2025-09-25,25433.5,25433.5,397950,29175,25082.3
2025-07-15,2025-07-31,25265.6,25265.6,13659150,-38175,25195.8
2025-07-15,2025-08-28,25367.7,25367.7,4547100,101550,25195.8
2025-07-15,2025-09-25,25529.3,25529.3,397800,-150,25195.8
2025-07-16,2025-07-31,25245.8,25245.8,13731975,72825,25212.05
2025-07-16,2025-08-28,25348.0,25348.0,4659825,112725,25212.05
2025-07-16,2025-09-25,25508.3,25508.3,407625,9825,25212.05
2025-07-17,2025-07-31,25174.6,25174.6,13825575,93600,25111.45
2025-07-17,2025-08-28,25274.8,25274.8,4800825,141000,25111.45
2025-07-17,2025-09-25,25436.2,25436.2,423900,16275,25111.45
2025-07-18,2025-07-31,25032.3,25032.3,13738800,-86775,24968.4
2025-07-18,2025-08-28,25137.4,25137.4,5044725,243900,24968.4
2025-07-18,2025-09-25,25292.1,25292.1,454275,30375,24968.4
2025-07-21,2025-07-31,25127.6,25127.6,13284525,-454275,25090.7
2025-07-21,2025-08-28,25226.7,25226.7,5200425,155700,25090.7
2025-07-21,2025-09-25,25378.9,25378.9,486900,32625,25090.7
2025-07-22,2025-07-31,25093.9,25093.9,13220850,-63675,25060.9
2025-07-22,2025-08-28,25199.0,25199.0,5337900,137475,25060.9
2025-07-22,2025-09-25,25348.5,25348.5,498375,11475,25060.9
2025-07-23,2025-07-31,25252.8,25252.8,12754875,-465975,25219.9
2025-07-23,2025-08-28,25354.2,25354.2,5544075,206175,25219.9
2025-07-23,2025-09-25,25502.3,25502.3,497175,-1200,25219.9
2025-07-24,2025-07-31,25095.4,25095.4,12360525,-394350,25062.1
2025-07-24,2025-08-28,25195.0,25195.0,6479175,935100,25062.1
2025-07-24,2025-09-25,25347.1,25347.1,532050,34875,25062.1
2025-07-25,2025-07-31,24850.4,24850.4,12162000,-198525,24837.0
2025-07-25,2025-08-28,24942.5,24942.5,7389450,910275,24837.0
2025-07-25,2025-09-25,25103.2,25103.2,602475,70425,24837.0
2025-07-28,2025-07-31,24710.2,24710.2,11209875,-952125,24680.9
2025-07-28,2025-08-28,24808.0,24808.0,8551725,1162275,24680.9
2025-07-28,2025-09-25,24960.4,24960.4,667800,65325,24680.9
2025-07-29,2025-07-31,24838.8,24838.8,9140775,-2069100,24821.1
2025-07-29,2025-08-28,24934.7,24934.7,10252125,1700400,24821.1
2025-07-29,2025-09-25,25083.6,25083.6,723375,55575,24821.1
2025-07-30,2025-07-31,24869.3,24869.3,6997125,-2143650,24855.05
2025-07-30,2025-08-28,24959.1,24959.1,12571575,2319450,24855.05
2025-07-30,2025-09-25,25097.1,25097.1,788775,65400,24855.05
2025-07-31,2025-07-31,24771.9,24768.35,5278950,-1718175,24768.35
2025-07-31,2025-08-28,24871.6,24871.6,15590625,3019050,24768.35
2025-07-31,2025-09-25,25014.7,25014.7,862425,73650,24768.35
2025-08-01,2025-08-28,24627.2,24627.2,16890450,1299825,24565.35
2025-08-01,2025-09-30,24774.6,24774.6,913725,913725,24565.35
2025-08-01,2025-10-28,24892.4,24892.4,61125,61125,24565.35
2025-08-04,2025-08-28,24793.1,24793.1,16496700,-393750,24722.75
2025-08-04,2025-09-30,24928.6,24928.6,905475,-8250,24722.75
2025-08-04,2025-10-28,25041.8,25041.8,107850,46725,24722.75
2025-08-05,2025-08-28,24707.8,24707.8,16602675,105975,24649.55
2025-08-05,2025-09-30,24846.1,24846.1,908925,3450,24649.55
2025-08-05,2025-10-28,24959.7,24959.7,125925,18075,24649.55
2025-08-06,2025-08-28,24634.9,24634.9,16681725,79050,24574.2
2025-08-06,2025-09-30,24769.8,24769.8,928350,19425,24574.2
2025-08-06,2025-10-28,24889.1,24889.1,154575,28650,24574.2
2025-08-07,2025-08-28,24673.4,24673.4,16752675,70950,24596.15
2025-08-07,2025-09-30,24805.9,24805.9,965700,37350,24596.15
2025-08-07,2025-10-28,24921.4,24921.4,197025,42450,24596.15
2025-08-08,2025-08-28,24441.1,24441.1,17244675,492000,24363.3
2025-08-08,2025-09-30,24576.8,24576.8,1035675,69975,24363.3
2025-08-08,2025-10-28,24693.4,24693.4,222975,25950,24363.3
2025-08-11,2025-08-28,24627.9,24627.9,16920750,-323925,24585.05
2025-08-11,2025-09-30,24755.5,24755.5,1043925,8250,24585.05
2025-08-11,2025-10-28,24864.3,24864.3,242475,19500,24585.05
2025-08-12,2025-08-28,24554.9,24554.9,17018250,97500,24487.4
2025-08-12,2025-09-30,24691.9,24691.9,1071375,27450,24487.4
2025-08-12,2025-10-28,24805.3,24805.3,249000,6525,24487.4
2025-08-13,2025-08-28,24712.2,24712.2,16845375,-172875,24619.35
2025-08-13,2025-09-30,24849.0,24849.0,1189575,118200,24619.35
2025-08-13,2025-10-28,24957.8,24957.8,265125,16125,24619.35
2025-08-14,2025-08-28,24684.7,24684.7,16733775,-111600,24631.3
2025-08-14,2025-09-30,24822.5,24822.5,1216350,26775,24631.3
2025-08-14,2025-10-28,24936.9,24936.9,271050,5925,24631.3
2025-08-18,2025-08-28,24966.8,24966.8,16437225,-296550,24876.95
2025-08-18,2025-09-30,25104.0,25104.0,1403475,187125,24876.95
2025-08-18,2025-10-28,25224.1,25224.1,328950,57900,24876.95
2025-08-19,2025-08-28,25033.5,25033.5,16231575,-205650,24980.65
2025-08-19,2025-09-30,25174.6,25174.6,1504725,101250,24980.65
2025-08-19,2025-10-28,25290.2,25290.2,367875,38925,24980.65
2025-08-20,2025-08-28,25083.3,25083.3,15889275,-342300,25050.55
2025-08-20,2025-09-30,25226.6,25226.6,1781775,277050,25050.55
2025-08-20,2025-10-28,25345.8,25345.8,394350,26475,25050.55
2025-08-21,2025-08-28,25122.5,25122.5,14993325,-895950,25083.75
2025-08-21,2025-09-30,25260.3,25260.3,2361525,579750,25083.75
2025-08-21,2025-10-28,25386.3,25386.3,421425,27075,25083.75
2025-08-22,2025-08-28,24898.2,24898.2,14147475,-845850,24870.1
2025-08-22,2025-09-30,25039.2,25039.2,3073125,711600,24870.1
2025-08-22,2025-10-28,25166.1,25166.1,469275,47850,24870.1
2025-08-25,2025-08-28,24989.7,24989.7,11033400,-3114075,24967.75
2025-08-25,2025-09-30,25122.8,25122.8,6678675,3605550,24967.75
2025-08-25,2025-10-28,25251.3,25251.3,480825,11550,24967.75
2025-08-26,2025-08-28,24731.5,24731.5,6923325,-4110075,24712.05
2025-08-26,2025-09-30,24857.5,24857.5,11407725,4729050,24712.05
2025-08-26,2025-10-28,24989.5,24989.5,642375,161550,24712.05
2025-08-28,2025-08-28,24496.3,24500.9,3311925,-3611400,24500.9
2025-08-28,2025-09-30,24651.7,24651.7,16027050,4619325,24500.9
2025-08-28,2025-10-28,24773.9,24773.9,888900,246525,24500.9
2025-08-29,2025-09-30,24568.5,24568.5,16610100,583050,24426.85
2025-08-29,2025-10-28,24684.3,24684.3,972525,83625,24426.85
2025-08-29,2025-11-25,24810.9,24810.9,47325,47325,24426.85
2025-09-01,2025-09-30,24748.0,24748.0,16621050,10950,24625.05
2025-09-01,2025-10-28,24874.0,24874.0,987375,14850,24625.05
2025-09-01,2025-11-25,24990.6,24990.6,85575,38250,24625.05
2025-09-02,2025-09-30,24691.8,24691.8,16496325,-124725,24579.6
2025-09-02,2025-10-28,24808.9,24808.9,1030350,42975,24579.6
2025-09-02,2025-11-25,24926.5,24926.5,148350,62775,24579.6
2025-09-03,2025-09-30,24813.1,24813.1,16501875,5550,24715.05
2025-09-03,2025-10-28,24933.0,24933.0,1076850,46500,24715.05
2025-09-03,2025-11-25,25052.4,25052.4,163575,15225,24715.05
2025-09-04,2025-09-30,24827.5,24827.5,16957875,456000,24734.3
2025-09-04,2025-10-28,24947.8,24947.8,1133550,56700,24734.3
2025-09-04,2025-11-25,25069.8,25069.8,177450,13875,24734.3
2025-09-05,2025-09-30,24847.7,24847.7,17097750,139875,24741.0
2025-09-05,2025-10-28,24964.5,24964.5,1218375,84825,24741.0
2025-09-05,2025-11-25,25085.0,25085.0,183600,6150,24741.0
2025-09-08,2025-09-30,24892.7,24892.7,16973250,-124500,24773.15
2025-09-08,2025-10-28,25007.4,25007.4,1253100,34725,24773.15
2025-09-08,2025-11-25,25121.7,25121.7,245775,62175,24773.15
2025-09-09,2025-09-30,24950.3,24950.3,16931550,-41700,24868.6
2025-09-09,2025-10-28,25065.3,25065.3,1273650,20550,24868.6
2025-09-09,2025-11-25,25181.8,25181.8,273900,28125,24868.6
2025-09-10,2025-09-30,25072.3,25072.3,17231025,299475,24973.1
2025-09-10,2025-10-28,25188.6,25188.6,1303500,29850,24973.1
2025-09-10,2025-11-25,25307.5,25307.5,311775,37875,24973.1
2025-09-11,2025-09-30,25104.5,25104.5,17062725,-168300,25005.5
2025-09-11,2025-10-28,25222.1,25222.1,1350450,46950,25005.5
2025-09-11,2025-11-25,25341.6,25341.6,327600,15825,25005.5
2025-09-12,2025-09-30,25205.0,25205.0,16637775,-424950,25114.0
2025-09-12,2025-10-28,25321.8,25321.8,1439025,88575,25114.0
2025-09-12,2025-11-25,25438.8,25438.8,351375,23775,25114.0
2025-09-15,2025-09-30,25164.7,25164.7,16654725,16950,25069.2
2025-09-15,2025-10-28,25284.0,25284.0,1495725,56700,25069.2
2025-09-15,2025-11-25,25403.7,25403.7,361425,10050,25069.2
2025-09-16,2025-09-30,25331.4,25331.4,16082100,-572625,25239.1
2025-09-16,2025-10-28,25449.6,25449.6,1587750,92025,25239.1
2025-09-16,2025-11-25,25568.9,25568.9,411825,50400,25239.1
2025-09-17,2025-09-30,25423.4,25423.4,15695850,-386250,25330.25
2025-09-17,2025-10-28,25540.0,25540.0,1772700,184950,25330.25
2025-09-17,2025-11-25,25664.1,25664.1,434100,22275,25330.25
2025-09-18,2025-09-30,25510.9,25510.9,15519900,-175950,25423.6
2025-09-18,2025-10-28,25629.1,25629.1,1943700,171000,25423.6
2025-09-18,2025-11-25,25752.1,25752.1,465450,31350,25423.6
2025-09-19,2025-09-30,25411.2,25411.2,15007275,-512625,25327.05
2025-09-19,2025-10-28,25534.5,25534.5,2314575,370875,25327.05
2025-09-19,2025-11-25,25650.3,25650.3,470625,5175,25327.05
2025-09-22,2025-09-30,25277.7,25277.7,14757825,-249450,25202.35
2025-09-22,2025-10-28,25403.4,25403.4,2633550,318975,25202.35
2025-09-22,2025-11-25,25533.1,25533.1,534525,63900,25202.35
2025-09-23,2025-09-30,25255.8,25255.8,14358900,-398925,25169.5
2025-09-23,2025-10-28,25383.3,25383.3,2876775,243225,25169.5
2025-09-23,2025-11-25,25517.2,25517.2,556650,22125,25169.5
2025-09-24,2025-09-30,25111.9,25111.9,14210700,-148200,25056.9
2025-09-24,2025-10-28,25235.8,25235.8,3687525,810750,25056.9
2025-09-24,2025-11-25,25373.6,25373.6,610050,53400,25056.9
2025-09-25,2025-09-30,24967.7,24967.7,12505050,-1705650,24890.85
2025-09-25,2025-10-28,25093.7,25093.7,6004500,2316975,24890.85
2025-09-25,2025-11-25,25229.6,25229.6,698550,88500,24890.85
2025-09-26,2025-09-30,24689.9,24689.9,9691950,-2813100,24654.7
2025-09-26,2025-10-28,24812.0,24812.0,9768150,3763650,24654.7
2025-09-26,2025-11-25,24946.3,24946.3,839100,140550,24654.7
2025-09-29,2025-09-30,24685.0,24685.0,6130575,-3561375,24634.9
2025-09-29,2025-10-28,24809.2,24809.2,14005500,4237350,24634.9
2025-09-29,2025-11-25,24944.8,24944.8,946500,107400,24634.9
2025-09-30,2025-09-30,24612.0,24611.1,3831600,-2298975,24611.1
2025-09-30,2025-10-28,24778.3,24778.3,17107125,3101625,24611.1
2025-09-30,2025-11-25,24914.3,24914.3,1079325,132825,24611.1
2025-10-01,2025-10-28,24967.2,24967.2,17259900,152775,24836.3
2025-10-01,2025-11-25,25093.6,25093.6,1057050,-22275,24836.3
2025-10-01,2025-12-30,25247.5,25247.5,133800,133800,24836.3
2025-10-03,2025-10-28,25006.6,25006.6,18015450,755550,24894.25
2025-10-03,2025-11-25,25137.4,25137.4,1069950,12900,24894.25
2025-10-03,2025-12-30,25290.7,25290.7,162075,28275,24894.25
2025-10-06,2025-10-28,25185.4,25185.4,18296400,280950,25077.65
2025-10-06,2025-11-25,25314.2,25314.2,1101375,31425,25077.65
2025-10-06,2025-12-30,25472.5,25472.5,197175,35100,25077.65
2025-10-07,2025-10-28,25225.3,25225.3,18017475,-278925,25108.3
2025-10-07,2025-11-25,25356.1,25356.1,1105950,4575,25108.3
2025-10-07,2025-12-30,25514.5,25514.5,240825,43650,25108.3
2025-10-08,2025-10-28,25120.4,25120.4,17699550,-317925,25046.15
2025-10-08,2025-11-25,25247.7,25247.7,1135800,29850,25046.15
2025-10-08,2025-12-30,25406.6,25406.6,264225,23400,25046.15
2025-10-09,2025-10-28,25273.8,25273.8,17510175,-189375,25181.8
2025-10-09,2025-11-25,25403.0,25403.0,1147050,11250,25181.8
2025-10-09,2025-12-30,25561.4,25561.4,259275,-4950,25181.8
2025-10-10,2025-10-28,25411.0,25411.0,17289075,-221100,25285.35
2025-10-10,2025-11-25,25540.1,25540.1,1245375,98325,25285.35
2025-10-10,2025-12-30,25701.9,25701.9,285600,26325,25285.35
2025-10-13,2025-10-28,25309.3,25309.3,17247225,-41850,25227.35
2025-10-13,2025-11-25,25446.0,25446.0,1328700,83325,25227.35
2025-10-13,2025-12-30,25607.3,25607.3,323325,37725,25227.35
2025-10-14,2025-10-28,25206.0,25206.0,17773650,526425,25145.5
2025-10-14,2025-11-25,25334.9,25334.9,1460250,131550,25145.5
2025-10-14,2025-12-30,25503.4,25503.4,361050,37725,25145.5
2025-10-15,2025-10-28,25424.8,25424.8,17931750,158100,25323.55
2025-10-15,2025-11-25,25548.6,25548.6,1920450,460200,25323.55
2025-10-15,2025-12-30,25713.6,25713.6,356025,-5025,25323.55
2025-10-16,2025-10-28,25656.1,25656.1,17756925,-174825,25585.3
2025-10-16,2025-11-25,25786.4,25786.4,2180925,260475,25585.3
2025-10-16,2025-12-30,25943.1,25943.1,403950,47925,25585.3
2025-10-17,2025-10-28,25757.8,25757.8,16718400,-1038525,25709.85
2025-10-17,2025-11-25,25892.4,25892.4,2352300,171375,25709.85
2025-10-17,2025-12-30,26051.0,26051.0,488100,84150,25709.85
2025-10-20,2025-10-28,25915.1,25915.1,17353425,635025,25843.15
2025-10-20,2025-11-25,26046.3,26046.3,2728650,376350,25843.15
2025-10-20,2025-12-30,26206.6,26206.6,525075,36975,25843.15
2025-10-21,2025-10-28,25906.3,25906.3,17435700,82275,25868.6
2025-10-21,2025-11-25,26039.1,26039.1,2768025,39375,25868.6
2025-10-21,2025-12-30,26194.8,26194.8,533175,8100,25868.6
2025-10-23,2025-10-28,25976.9,25976.9,15719250,-1716450,25891.4
2025-10-23,2025-11-25,26109.7,26109.7,3844350,1076325,25891.4
2025-10-23,2025-12-30,26279.8,26279.8,653550,120375,25891.4
2025-10-24,2025-10-28,25814.8,25814.8,12844650,-2874600,25795.15
2025-10-24,2025-11-25,25952.0,25952.0,5634150,1789800,25795.15
2025-10-24,2025-12-30,26130.2,26130.2,737550,84000,25795.15
2025-10-27,2025-10-28,26013.5,26013.5,8375850,-4468800,25966.05
2025-10-27,2025-11-25,26168.4,26168.4,10076025,4441875,25966.05
2025-10-27,2025-12-30,26347.3,26347.3,815850,78300,25966.05
2025-10-28,2025-10-28,25922.4,25936.2,4845750,-3530100,25936.2
2025-10-28,2025-11-25,26090.1,26090.1,14262375,4186350,25936.2
2025-10-28,2025-12-30,26265.2,26265.2,906900,91050,25936.2
2025-10-29,2025-11-25,26238.7,26238.7,14784150,521775,26053.9
2025-10-29,2025-12-30,26411.2,26411.2,928425,21525,26053.9
2025-10-29,2026-01-27,26577.4,26577.4,46735,46735,26053.9
2025-10-30,2025-11-25,26031.6,26031.6,15791250,1007100,25877.85
2025-10-30,2025-12-30,26218.1,26218.1,1019775,91350,25877.85
2025-10-30,2026-01-27,26385.7,26385.7,86970,40235,25877.85
2025-10-31,2025-11-25,25905.5,25905.5,16902225,1110975,25722.1
2025-10-31,2025-12-30,26088.5,26088.5,1109400,89625,25722.1
2025-10-31,2026-01-27,26259.8,26259.8,122655,35685,25722.1
2025-11-03,2025-11-25,25898.9,25898.9,16784025,-118200,25763.35
2025-11-03,2025-12-30,26085.2,26085.2,1133625,24225,25763.35
2025-11-03,2026-01-27,26254.0,26254.0,133900,11245,25763.35
2025-11-04,2025-11-25,25708.3,25708.3,17687175,903150,25597.65
2025-11-04,2025-12-30,25897.9,25897.9,1209675,76050,25597.65
2025-11-04,2026-01-27,26083.3,26083.3,182130,48230,25597.65
2025-11-06,2025-11-25,25627.2,25627.2,17669175,-18000,25509.7
2025-11-06,2025-12-30,25807.1,25807.1,1233675,24000,25509.7
2025-11-06,2026-01-27,25990.2,25990.2,210275,28145,25509.7
2025-11-07,2025-11-25,25589.2,25589.2,18547500,878325,25492.3
2025-11-07,2025-12-30,25780.2,25780.2,1364700,131025,25492.3
2025-11-07,2026-01-27,25956.1,25956.1,238550,28275,25492.3
2025-11-10,2025-11-25,25694.5,25694.5,18529950,-17550,25574.35
2025-11-10,2025-12-30,25882.9,25882.9,1373250,8550,25574.35
2025-11-10,2026-01-27,26057.0,26057.0,246675,8125,25574.35
2025-11-11,2025-11-25,25811.4,25811.4,18523050,-6900,25694.95
2025-11-11,2025-12-30,25994.2,25994.2,1410375,37125,25694.95
2025-11-11,2026-01-27,26165.0,26165.0,254150,7475,25694.95
2025-11-12,2025-11-25,25986.1,25986.1,17753700,-769350,25875.8
2025-11-12,2025-12-30,26164.0,26164.0,1553100,142725,25875.8
2025-11-12,2026-01-27,26328.5,26328.5,232830,-21320,25875.8
2025-11-13,2025-11-25,25953.8,25953.8,17577300,-176400,25879.15
2025-11-13,2025-12-30,26134.9,26134.9,1660125,107025,25879.15
2025-11-13,2026-01-27,26307.2,26307.2,242645,9815,25879.15
2025-11-14,2025-11-25,25951.4,25951.4,18342450,765150,25910.05
2025-11-14,2025-12-30,26137.8,26137.8,1849275,189150,25910.05
2025-11-14,2026-01-27,26300.9,26300.9,281515,38870,25910.05
2025-11-17,2025-11-25,26060.1,26060.1,18060375,-282075,26013.45
2025-11-17,2025-12-30,26240.0,26240.0,2064525,215250,26013.45
2025-11-17,2026-01-27,26400.7,26400.7,268060,-13455,26013.45
2025-11-18,2025-11-25,25948.8,25948.8,17610000,-450375,25910.05
2025-11-18,2025-12-30,26134.3,26134.3,2301075,236550,25910.05
2025-11-18,2026-01-27,26316.4,26316.4,307060,39000,25910.05
2025-11-19,2025-11-25,26071.0,26071.0,16795500,-814500,26052.65
2025-11-19,2025-12-30,26253.7,26253.7,2542800,241725,26052.65
2025-11-19,2026-01-27,26415.0,26415.0,315575,8515,26052.65
2025-11-20,2025-11-25,26220.8,26220.8,14612850,-2182650,26192.15
2025-11-20,2025-12-30,26411.9,26411.9,4785750,2242950,26192.15
2025-11-20,2026-01-27,26562.9,26562.9,385970,70395,26192.15
2025-11-21,2025-11-25,26077.5,26077.5,12346875,-2265975,26068.15
2025-11-21,2025-12-30,26269.2,26269.2,7686975,2901225,26068.15
2025-11-21,2026-01-27,26424.2,26424.2,548925,162955,26068.15
2025-11-24,2025-11-25,25996.4,25996.4,9271125,-3075750,25959.5
2025-11-24,2025-12-30,26170.7,26170.7,11020500,3333525,25959.5
2025-11-24,2026-01-27,26358.6,26358.6,679185,130260,25959.5
2025-11-25,2025-11-25,25886.8,25884.8,6607875,-2663250,25884.8
2025-11-25,2025-12-30,26055.4,26055.4,13689450,2668950,25884.8
2025-11-25,2026-01-27,26234.6,26234.6,861315,182130,25884.8
2025-11-26,2025-12-30,26381.2,26381.2,14001225,311775,26205.3
2025-11-26,2026-01-27,26527.3,26527.3,868660,7345,26205.3
2025-11-26,2026-02-24,26676.9,26676.9,57265,57265,26205.3
2025-11-27,2025-12-30,26390.9,26390.9,13814175,-187050,26215.55
2025-11-27,2026-01-27,26548.7,26548.7,888875,20215,26215.55
2025-11-27,2026-02-24,26699.1,26699.1,118365,61100,26215.55
2025-11-28,2025-12-30,26387.4,26387.4,13619100,-195075,26202.95
2025-11-28,2026-01-27,26550.1,26550.1,915785,26910,26202.95
2025-11-28,2026-02-24,26695.1,26695.1,144690,26325,26202.95
2025-12-01,2025-12-30,26334.7,26334.7,14077275,458175,26175.75
2025-12-01,2026-01-27,26503.1,26503.1,926380,10595,26175.75
2025-12-01,2026-02-24,26645.7,26645.7,181870,37180,26175.75
2025-12-02,2025-12-30,26213.0,26213.0,14568000,490725,26032.2
2025-12-02,2026-01-27,26388.7,26388.7,997035,70655,26032.2
2025-12-02,2026-02-24,26530.0,26530.0,224965,43095,26032.2
2025-12-03,2025-12-30,26136.2,26136.2,15189000,621000,25986.0
2025-12-03,2026-01-27,26302.6,26302.6,1059045,62010,25986.0
2025-12-03,2026-02-24,26445.0,26445.0,260585,35620,25986.0
2025-12-04,2025-12-30,26186.5,26186.5,15098475,-90525,26033.75
2025-12-04,2026-01-27,26350.5,26350.5,1069640,10595,26033.75
2025-12-04,2026-02-24,26492.5,26492.5,281450,20865,26033.75
2025-12-05,2025-12-30,26333.2,26333.2,14727075,-371400,26186.45
2025-12-05,2026-01-27,26493.1,26493.1,1097850,28210,26186.45
2025-12-05,2026-02-24,26634.1,26634.1,311220,29770,26186.45
2025-12-08,2025-12-30,26064.7,26064.7,15977700,1250625,25960.55
2025-12-08,2026-01-27,26236.8,26236.8,1171430,73580,25960.55
2025-12-08,2026-02-24,26382.0,26382.0,351065,39845,25960.55
2025-12-09,2025-12-30,25960.2,25960.2,16474200,496500,25839.65
2025-12-09,2026-01-27,26131.2,26131.2,1257490,86060,25839.65
2025-12-09,2026-02-24,26273.0,26273.0,403000,51935,25839.65
2025-12-10,2025-12-30,25863.9,25863.9,16857150,382950,25758.0
2025-12-10,2026-01-27,26032.4,26032.4,1314625,57135,25758.0
2025-12-10,2026-02-24,26181.7,26181.7,435760,32760,25758.0
2025-12-11,2025-12-30,26009.5,26009.5,16285800,-571350,25898.55
2025-12-11,2026-01-27,26170.0,26170.0,1376050,61425,25898.55
2025-12-11,2026-02-24,26310.5,26310.5,474825,39065,25898.55
2025-12-12,2025-12-30,26145.4,26145.4,16302825,17025,26046.95
2025-12-12,2026-01-27,26300.4,26300.4,1399775,23725,26046.95
2025-12-12,2026-02-24,26443.4,26443.4,492245,17420,26046.95
2025-12-15,2025-12-30,26108.7,26108.7,15875025,-427800,26027.3
2025-12-15,2026-01-27,26268.7,26268.7,1420055,20280,26027.3
2025-12-15,2026-02-24,26407.3,26407.3,500500,8255,26027.3
2025-12-16,2025-12-30,25940.7,25940.7,16142550,267525,25860.1
2025-12-16,2026-01-27,26112.9,26112.9,1501825,81770,25860.1
2025-12-16,2026-02-24,26257.4,26257.4,544310,43810,25860.1
2025-12-17,2025-12-30,25897.8,25897.8,16414725,272175,25818.55
2025-12-17,2026-01-27,26061.8,26061.8,1585935,84110,25818.55
2025-12-17,2026-02-24,26212.4,26212.4,568425,24115,25818.55
2025-12-18,2025-12-30,25880.6,25880.6,16043025,-371700,25815.55
2025-12-18,2026-01-27,26049.1,26049.1,1644240,58305,25815.55
2025-12-18,2026-02-24,26196.2,26196.2,611650,43225,25815.55
2025-12-19,2025-12-30,26030.0,26030.0,15160350,-882675,25966.4
2025-12-19,2026-01-27,26190.0,26190.0,1721785,77545,25966.4
2025-12-19,2026-02-24,26331.5,26331.5,613990,2340,25966.4
2025-12-22,2025-12-30,26197.9,26197.9,14458500,-701850,26172.4
2025-12-22,2026-01-27,26377.4,26377.4,2054585,332800,26172.4
2025-12-22,2026-02-24,26515.3,26515.3,651950,37960,26172.4
2025-12-23,2025-12-30,26206.9,26206.9,13633650,-824850,26177.15
2025-12-23,2026-01-27,26392.8,26392.8,2453230,398645,26177.15
2025-12-23,2026-02-24,26536.3,26536.3,677690,25740,26177.15
2025-12-24,2025-12-30,26173.1,26173.1,12572700,-1060950,26142.1
2025-12-24,2026-01-27,26351.9,26351.9,3225690,772460,26142.1
2025-12-24,2026-02-24,26498.6,26498.6,716885,39195,26142.1
2025-12-26,2025-12-30,26060.2,26060.2,10364700,-2208000,26042.3
2025-12-26,2026-01-27,26234.5,26234.5,5500625,2274935,26042.3
2025-12-26,2026-02-24,26369.1,26369.1,785135,68250,26042.3
2025-12-29,2025-12-30,25957.2,25957.2,7395750,-2968950,25942.1
2025-12-29,2026-01-27,26121.3,26121.3,9451585,3950960,25942.1
2025-12-29,2026-02-24,26265.4,26265.4,942760,157625,25942.1
2025-12-30,2025-12-30,25936.8,25938.85,5790000,-1605750,25938.85
2025-12-30,2026-01-27,26118.8,26118.8,13958490,4506905,25938.85
2025-12-30,2026-02-24,26258.4,26258.4,1148615,205855,25938.85
2025-12-31,2026-01-27,26296.3,26296.3,14026480,67990,26129.6
2025-12-31,2026-02-24,26438.0,26438.0,1195610,46995,26129.6
2025-12-31,2026-03-30,26617.1,26617.1,138515,138515,26129.6
2026-01-01,2026-01-27,26290.4,26290.4,14003665,-22815,26146.55
2026-01-01,2026-02-24,26436.9,26436.9,1206140,10530,26146.55
2026-01-01,2026-03-30,26621.0,26621.0,169910,31395,26146.55
2026-01-02,2026-01-27,26455.4,26455.4,13702000,-301665,26328.55
2026-01-02,2026-02-24,26591.5,26591.5,1235845,29705,26328.55
2026-01-02,2026-03-30,26772.6,26772.6,232115,62205,26328.55
2026-01-05,2026-01-27,26331.3,26331.3,13845715,143715,26250.3
2026-01-05,2026-02-24,26477.2,26477.2,1228370,-7475,26250.3
2026-01-05,2026-03-30,26657.4,26657.4,260260,28145,26250.3
2026-01-06,2026-01-27,26285.1,26285.1,14064115,218400,26178.7
2026-01-06,2026-02-24,26427.7,26427.7,1289795,61425,26178.7
2026-01-06,2026-03-30,26610.5,26610.5,276510,16250,26178.7
2026-01-07,2026-01-27,26235.3,26235.3,14074125,10010,26140.75
2026-01-07,2026-02-24,26381.7,26381.7,1330680,40885,26140.75
2026-01-07,2026-03-30,26567.7,26567.7,302640,26130,26140.75
2026-01-08,2026-01-27,25985.6,25985.6,16262220,2188095,25876.85
2026-01-08,2026-02-24,26128.1,26128.1,1544985,214305,25876.85
2026-01-08,2026-03-30,26327.4,26327.4,369460,66820,25876.85
2026-01-09,2026-01-27,25788.3,25788.3,16876470,614250,25683.3
2026-01-09,2026-02-24,25933.6,25933.6,1648660,103675,25683.3
2026-01-09,2026-03-30,26125.0,26125.0,431600,62140,25683.3
2026-01-12,2026-01-27,25876.0,25876.0,16816150,-58012,25790.25
2026-01-12,2026-02-24,26017.5,26017.5,1697020,48522,25790.25
2026-01-12,2026-03-30,26198.2,26198.2,474240,42867,25790.25
2026-01-13,2026-01-27,25790.8,25790.8,17029220,213070,25732.3
2026-01-13,2026-02-24,25927.3,25927.3,1721005,23985,25732.3
2026-01-13,2026-03-30,26109.0,26109.0,491075,16835,25732.3
2026-01-14,2026-01-27,25719.0,25719.0,17014660,-14560,25665.6
2026-01-14,2026-02-24,25867.9,25867.9,1757080,36075,25665.6
2026-01-14,2026-03-30,26046.9,26046.9,510770,19695,25665.6
2026-01-16,2026-01-27,25751.5,25751.5,16567915,-446745,25694.35
2026-01-16,2026-02-24,25894.7,25894.7,1861405,104325,25694.35
2026-01-16,2026-03-30,26071.1,26071.1,509665,-1105,25694.35
2026-01-19,2026-01-27,25596.0,25596.0,16401840,-166075,25585.5
2026-01-19,2026-02-24,25737.8,25737.8,2170220,308815,25585.5
2026-01-19,2026-03-30,25924.7,25924.7,621595,111930,25585.5
2026-01-20,2026-01-27,25259.2,25259.2,16492255,90415,25232.5
2026-01-20,2026-02-24,25397.9,25397.9,2950675,780455,25232.5
2026-01-20,2026-03-30,25592.7,25592.7,797225,175630,25232.5
2026-01-21,2026-01-27,25178.2,25178.2,14765855,-1726400,25157.5
2026-01-21,2026-02-24,25309.2,25309.2,4531475,1580800,25157.5
2026-01-21,2026-03-30,25499.7,25499.7,841490,44265,25157.5
2026-01-22,2026-01-27,25349.8,25349.8,12272325,-2493530,25289.9
2026-01-22,2026-02-24,25464.7,25464.7,7839845,3308370,25289.9
2026-01-22,2026-03-30,25688.4,25688.4,863915,22425,25289.9
2026-01-23,2026-01-27,25079.8,25079.8,9357075,-2915250,25048.65
2026-01-23,2026-02-24,25202.6,25202.6,11744460,3904615,25048.65
2026-01-23,2026-03-30,25387.7,25387.7,1076920,213005,25048.65
2026-01-27,2026-01-27,25164.2,25175.4,7205965,-2151110,25175.4
2026-01-27,2026-02-24,25382.6,25382.6,16245710,4501250,25175.4
2026-01-27,2026-03-30,25569.3,25569.3,1180725,103805,25175.4
2026-01-28,2026-02-24,25450.4,25450.4,16587545,341835,25342.75
2026-01-28,2026-03-30,25630.3,25630.3,1227005,46280,25342.75
2026-01-28,2026-04-28,25778.8,25778.8,65130,65130,25342.75
2026-01-29,2026-02-24,25536.3,25536.3,17826445,1238900,25418.9
2026-01-29,2026-03-30,25707.1,25707.1,1265420,38415,25418.9
2026-01-29,2026-04-28,25858.2,25858.2,126295,61165,25418.9
2026-01-30,2026-02-24,25416.4,25416.4,18228535,402090,25320.65
2026-01-30,2026-03-30,25582.8,25582.8,1297725,32305,25320.65
2026-01-30,2026-04-28,25749.0,25749.0,147160,20865,25320.65
2026-02-02,2026-02-24,25141.8,25141.8,17403100,-1353040,25088.4
2026-02-02,2026-03-30,25297.4,25297.4,1280045,-585,25088.4
2026-02-02,2026-04-28,25433.4,25433.4,241215,51350,25088.4
2026-02-03,2026-02-24,25817.1,25817.1,15956460,-1446640,25727.55
2026-02-03,2026-03-30,25976.7,25976.7,1163500,-116545,25727.55
2026-02-03,2026-04-28,26122.0,26122.0,315185,73970,25727.55
2026-02-04,2026-02-24,25848.8,25848.8,15480920,-475540,25776.0
2026-02-04,2026-03-30,26013.1,26013.1,1222715,59215,25776.0
2026-02-04,2026-04-28,26162.7,26162.7,331435,16250,25776.0
2026-02-05,2026-02-24,25725.0,25725.0,15589145,108225,25642.8
2026-02-05,2026-03-30,25891.5,25891.5,1250535,27820,25642.8
2026-02-05,2026-04-28,26047.1,26047.1,340795,9360,25642.8
2026-02-06,2026-02-24,25735.1,25735.1,15948530,359385,25693.7
2026-02-06,2026-03-30,25891.9,25891.9,1248325,-2210,25693.7
2026-02-06,2026-04-28,26045.5,26045.5,343265,2470,25693.7
2026-02-09,2026-02-24,25915.4,25915.4,15276105,-672425,25867.3
2026-02-09,2026-03-30,26068.8,26068.8,1264900,16575,25867.3
2026-02-09,2026-04-28,26227.3,26227.3,368355,25090,25867.3
2026-02-10,2026-02-24,25985.6,25985.6,14998685,-277420,25935.15
2026-02-10,2026-03-30,26138.7,26138.7,1283815,18915,25935.15
2026-02-10,2026-04-28,26295.3,26295.3,394485,26130,25935.15
2026-02-11,2026-02-24,25994.2,25994.2,15005055,6370,25953.85
2026-02-11,2026-03-30,26151.0,26151.0,1302535,18720,25953.85
2026-02-11,2026-04-28,26312.4,26312.4,406575,12090,25953.85
2026-02-12,2026-02-24,25858.2,25858.2,15296775,291720,25807.2
2026-02-12,2026-03-30,26025.3,26025.3,1384565,82030,25807.2
2026-02-12,2026-04-28,26180.0,26180.0,423475,16900,25807.2
2026-02-13,2026-02-24,25518.8,25518.8,16172325,875550,25471.1
2026-02-13,2026-03-30,25688.6,25688.6,1610245,225680,25471.1
2026-02-13,2026-04-28,25855.1,25855.1,483860,60385,25471.1
2026-02-16,2026-02-24,25717.2,25717.2,15585895,-586430,25682.75
2026-02-16,2026-03-30,25879.0,25879.0,1658605,48360,25682.75
2026-02-16,2026-04-28,26037.8,26037.8,464685,-19175,25682.75
2026-02-17,2026-02-24,25739.4,25739.4,15441920,-143975,25725.4
2026-02-17,2026-03-30,25898.7,25898.7,1763320,104715,25725.4
2026-02-17,2026-04-28,26054.4,26054.4,479830,15145,25725.4
2026-02-18,2026-02-24,25827.8,25827.8,15080845,-361075,25819.35
2026-02-18,2026-03-30,25984.0,25984.0,2166450,403130,25819.35
2026-02-18,2026-04-28,26144.5,26144.5,503880,24050,25819.35
2026-02-19,2026-02-24,25446.0,25446.0,14395420,-685425,25454.35
2026-02-19,2026-03-30,25600.0,25600.0,3284450,1118000,25454.35
2026-02-19,2026-04-28,25761.2,25761.2,572975,69095,25454.35
2026-02-20,2026-02-24,25584.7,25584.7,12334010,-2061410,25571.25
2026-02-20,2026-03-30,25742.6,25742.6,5611580,2327130,25571.25
2026-02-20,2026-04-28,25899.1,25899.1,592670,19695,25571.25
2026-02-23,2026-02-24,25705.2,25705.2,9304620,-3029390,25713.0
2026-02-23,2026-03-30,25859.7,25859.7,9842105,4230525,25713.0
2026-02-23,2026-04-28,26015.0,26015.0,658125,65455,25713.0
2026-02-24,2026-02-24,25421.7,25424.65,6647095,-2657525,25424.65
2026-02-24,2026-03-30,25600.3,25600.3,13404495,3562390,25424.65
2026-02-24,2026-04-28,25768.8,25768.8,868270,210145,25424.65
2026-02-25,2026-03-30,25628.8,25628.8,12973155,-431340,25482.5
2026-02-25,2026-04-28,25791.8,25791.8,882440,14170,25482.5
2026-02-25,2026-05-26,25905.7,25905.7,46345,46345,25482.5
2026-02-26,2026-03-30,25635.8,25635.8,13096200,123045,25496.55
2026-02-26,2026-04-28,25793.0,25793.0,895895,13455,25496.55
2026-02-26,2026-05-26,25912.5,25912.5,72280,25935,25496.55
2026-02-27,2026-03-30,25338.6,25338.6,14250990,1154790,25178.65
2026-02-27,2026-04-28,25499.0,25499.0,1374035,478140,25178.65
2026-02-27,2026-05-26,25598.2,25598.2,482235,409955,25178.65
2026-03-02,2026-03-30,24982.2,24982.2,15020070,769080,24865.7
2026-03-02,2026-04-28,25140.2,25140.2,1441180,67145,24865.7
2026-03-02,2026-05-26,25235.5,25235.5,591955,109720,24865.7
2026-03-04,2026-03-30,24584.7,24584.7,15695355,675285,24480.5
2026-03-04,2026-04-28,24741.0,24741.0,1547780,106600,24480.5
2026-03-04,2026-05-26,24863.6,24863.6,696150,104195,24480.5
2026-03-05,2026-03-30,24854.3,24854.3,15464735,-230620,24765.9
2026-03-05,2026-04-28,25010.0,25010.0,1622920,75140,24765.9
2026-03-05,2026-05-26,25118.5,25118.5,781820,85670,24765.9
2026-03-06,2026-03-30,24545.7,24545.7,15707705,242970,24450.45
2026-03-06,2026-04-28,24704.0,24704.0,1749865,126945,24450.45
2026-03-06,2026-05-26,24815.3,24815.3,821860,40040,24450.45
2026-03-09,2026-03-30,24122.5,24122.5,17452305,1744600,24028.05
2026-03-09,2026-04-28,24285.8,24285.8,1893645,143780,24028.05
2026-03-09,2026-05-26,24410.6,24410.6,901485,79625,24028.05
2026-03-10,2026-03-30,24393.6,24393.6,17367675,-84630,24261.6
2026-03-10,2026-04-28,24545.6,24545.6,1964495,70850,24261.6
2026-03-10,2026-05-26,24670.0,24670.0,941655,40170,24261.6
2026-03-11,2026-03-30,23939.1,23939.1,18077345,709670,23866.85
2026-03-11,2026-04-28,24102.1,24102.1,2264535,300040,23866.85
2026-03-11,2026-05-26,24231.2,24231.2,1050920,109265,23866.85
2026-03-12,2026-03-30,23728.5,23728.5,18280860,203515,23639.15
2026-03-12,2026-04-28,23882.4,23882.4,2377115,112580,23639.15
2026-03-12,2026-05-26,24010.3,24010.3,1086150,35230,23639.15
2026-03-13,2026-03-30,23199.3,23199.3,19964620,1683760,23151.1
2026-03-13,2026-04-28,23352.7,23352.7,2701335,324220,23151.1
2026-03-13,2026-05-26,23503.5,23503.5,1222455,136305,23151.1
2026-03-16,2026-03-30,23429.2,23429.2,18256420,-1708200,23408.8
2026-03-16,2026-04-28,23564.5,23564.5,2845700,144365,23408.8
2026-03-16,2026-05-26,23714.4,23714.4,1230775,8320,23408.8
2026-03-17,2026-03-30,23617.4,23617.4,17790955,-465465,23581.15
2026-03-17,2026-04-28,23767.4,23767.4,2873065,27365,23581.15
2026-03-17,2026-05-26,23895.8,23895.8,1257100,26325,23581.15
2026-03-18,2026-03-30,23776.4,23776.4,17452955,-338000,23777.8
2026-03-18,2026-04-28,23922.7,23922.7,2855840,-17225,23777.8
2026-03-18,2026-05-26,24051.6,24051.6,1276210,19110,23777.8
2026-03-19,2026-03-30,23054.8,23054.8,17114240,-338715,23002.15
2026-03-19,2026-04-28,23198.4,23198.4,3390920,535080,23002.15
2026-03-19,2026-05-26,23333.0,23333.0,1391975,115765,23002.15
2026-03-20,2026-03-30,23140.5,23140.5,17163185,48945,23114.5
2026-03-20,2026-04-28,23274.3,23274.3,3933020,542100,23114.5
2026-03-20,2026-05-26,23422.1,23422.1,1413165,21190,23114.5
2026-03-23,2026-03-30,22514.9,22514.9,17082585,-80600,22512.65
2026-03-23,2026-04-28,22648.2,22648.2,4604275,671255,22512.65
2026-03-23,2026-05-26,22788.3,22788.3,1600690,187525,22512.65
2026-03-24,2026-03-30,22928.4,22928.4,15513875,-1568710,22912.4
2026-03-24,2026-04-28,23055.9,23055.9,6119555,1515280,22912.4
2026-03-24,2026-05-26,23184.3,23184.3,1671280,70590,22912.4
2026-03-25,2026-03-30,23300.0,23300.0,12988040,-2525835,23306.45
2026-03-25,2026-04-28,23427.2,23427.2,8442655,2323100,23306.45
2026-03-25,2026-05-26,23547.1,23547.1,1632995,-38285,23306.45
2026-03-27,2026-03-30,22816.6,22816.6,9052485,-3935555,22819.6
2026-03-27,2026-04-28,22908.7,22908.7,14345565,5902910,22819.6
2026-03-27,2026-05-26,23043.9,23043.9,1871610,238615,22819.6
2026-03-30,2026-03-30,22318.4,22331.4,6638320,-2414165,22331.4
2026-03-30,2026-04-28,22426.2,22426.2,20948395,6602830,22331.4
2026-03-30,2026-05-26,22565.4,22565.4,2275260,403650,22331.4
2026-04-01,2026-04-28,22800.1,22800.1,20817420,-130975,22679.4
2026-04-01,2026-05-26,22934.8,22934.8,2027415,-247845,22679.4
2026-04-01,2026-06-30,23077.3,23077.3,179140,179140,22679.4
2026-04-02,2026-04-28,22766.6,22766.6,21429395,611975,22713.1
2026-04-02,2026-05-26,22904.2,22904.2,2047760,20345,22713.1
2026-04-02,2026-06-30,23051.2,23051.2,375310,196170,22713.1
2026-04-06,2026-04-28,23057.0,23057.0,21501935,72540,22968.25
2026-04-06,2026-05-26,23186.4,23186.4,2224170,176410,22968.25
2026-04-06,2026-06-30,23347.4,23347.4,533520,158210,22968.25
2026-04-07,2026-04-28,23151.1,23151.1,21563945,62010,23123.65
2026-04-07,2026-05-26,23283.5,23283.5,2239770,15600,23123.65
2026-04-07,2026-06-30,23452.2,23452.2,725140,191620,23123.65
2026-04-08,2026-04-28,24057.8,24057.8,20142655,-1421290,23997.35
2026-04-08,2026-05-26,24182.5,24182.5,2097225,-142545,23997.35
2026-04-08,2026-06-30,24332.4,24332.4,761020,35880,23997.35
2026-04-09,2026-04-28,23861.3,23861.3,19774820,-367835,23775.1
2026-04-09,2026-05-26,23989.1,23989.1,2163655,66430,23775.1
2026-04-09,2026-06-30,24152.7,24152.7,781560,20540,23775.1
2026-04-10,2026-04-28,24101.0,24101.0,18576935,-1197885,24050.6
2026-04-10,2026-05-26,24216.9,24216.9,2163005,-650,24050.6
2026-04-10,2026-06-30,24370.2,24370.2,763100,-18460,24050.6
2026-04-13,2026-04-28,23858.7,23858.7,18687110,110175,23842.65
2026-04-13,2026-05-26,23988.8,23988.8,2234440,71435,23842.65
2026-04-13,2026-06-30,24152.9,24152.9,805350,42250,23842.65
2026-04-15,2026-04-28,24237.7,24237.7,17909580,-777530,24231.3
2026-04-15,2026-05-26,24363.8,24363.8,2357290,122850,24231.3
2026-04-15,2026-06-30,24522.3,24522.3,808600,3250,24231.3
2026-04-16,2026-04-28,24195.8,24195.8,17452825,-456755,24196.75
2026-04-16,2026-05-26,24328.2,24328.2,2455375,98085,24196.75
2026-04-16,2026-06-30,24487.4,24487.4,871975,63375,24196.75
2026-04-17,2026-04-28,24368.0,24368.0,17201665,-251160,24353.55
2026-04-17,2026-05-26,24500.4,24500.4,2466035,10660,24353.55
2026-04-17,2026-06-30,24653.0,24653.0,876395,4420,24353.55
2026-04-20,2026-04-28,24331.8,24331.8,16736265,-465400,24364.85
2026-04-20,2026-05-26,24471.3,24471.3,2562625,96590,24364.85
2026-04-20,2026-06-30,24606.7,24606.7,897390,20995,24364.85
2026-04-21,2026-04-28,24584.5,24584.5,16390010,-346255,24576.6
2026-04-21,2026-05-26,24716.2,24716.2,2583750,21125,24576.6
2026-04-21,2026-06-30,24840.1,24840.1,937105,39715,24576.6
2026-04-22,2026-04-28,24381.2,24381.2,16216525,-173485,24378.1
2026-04-22,2026-05-26,24510.4,24510.4,3138460,554710,24378.1
2026-04-22,2026-06-30,24653.6,24653.6,1006525,69420,24378.1
2026-04-23,2026-04-28,24163.0,24163.0,14441440,-1775085,24173.05
2026-04-23,2026-05-26,24257.9,24257.9,4801875,1663415,24173.05
2026-04-23,2026-06-30,24410.6,24410.6,1077505,70980,24173.05
2026-04-24,2026-04-28,23922.8,23922.8,12326860,-2114580,23897.95
2026-04-24,2026-05-26,24027.0,24027.0,7672340,2870465,23897.95
2026-04-24,2026-06-30,24151.5,24151.5,1140360,62855,23897.95
2026-04-27,2026-04-28,24120.1,24120.1,8290425,-4036435,24092.7
2026-04-27,2026-05-26,24209.7,24209.7,12089805,4417465,24092.7
2026-04-27,2026-06-30,24328.8,24328.8,1157065,16705,24092.7
2026-04-28,2026-04-28,23993.8,23995.7,6282380,-2008045,23995.7
2026-04-28,2026-05-26,24069.0,24069.0,14457495,2367690,23995.7
2026-04-28,2026-06-30,24201.5,24201.5,1226485,69420,23995.7
2026-04-29,2026-05-26,24252.0,24252.0,14346475,-111020,24177.65
2026-04-29,2026-06-30,24379.5,24379.5,1298310,71825,24177.65
2026-04-29,2026-07-28,24528.4,24528.4,53755,53755,24177.65
2026-04-30,2026-05-26,24098.2,24098.2,15229760,883285,23997.55
2026-04-30,2026-06-30,24210.6,24210.6,1306175,7865,23997.55
2026-04-30,2026-07-28,24340.0,24340.0,171600,117845,23997.55
2026-05-04,2026-05-26,24206.0,24206.0,15691520,461760,24119.3
2026-05-04,2026-06-30,24312.8,24312.8,1465165,158990,24119.3
2026-05-04,2026-07-28,24449.7,24449.7,184470,12870,24119.3
2026-05-05,2026-05-26,24106.3,24106.3,16049215,357695,24032.8
2026-05-05,2026-06-30,24215.1,24215.1,1605890,140725,24032.8
2026-05-05,2026-07-28,24345.8,24345.8,200980,16510,24032.8
2026-05-06,2026-05-26,24447.4,24447.4,16343340,294125,24330.95
2026-05-06,2026-06-30,24544.9,24544.9,1758510,152620,24330.95
2026-05-06,2026-07-28,24683.8,24683.8,239005,38025,24330.95
2026-05-07,2026-05-26,24382.8,24382.8,16814980,471640,24326.65
2026-05-07,2026-06-30,24491.7,24491.7,1785615,27105,24326.65
2026-05-07,2026-07-28,24620.3,24620.3,257725,18720,24326.65
2026-05-08,2026-05-26,24234.6,24234.6,17079075,264095,24176.15
2026-05-08,2026-06-30,24339.2,24339.2,1841125,55510,24176.15
2026-05-08,2026-07-28,24477.1,24477.1,289965,32240,24176.15
2026-05-11,2026-05-26,23868.5,23868.5,17771715,692640,23815.85
2026-05-11,2026-06-30,23974.6,23974.6,2049710,208585,23815.85
2026-05-11,2026-07-28,24106.3,24106.3,377650,87685,23815.85
2026-05-12,2026-05-26,23424.7,23424.7,19041295,1269580,23379.55
2026-05-12,2026-06-30,23528.4,23528.4,2417870,368160,23379.55
2026-05-12,2026-07-28,23657.0,23657.0,487565,109915,23379.55
2026-05-13,2026-05-26,23462.4,23462.4,18454930,-586365,23412.6
2026-05-13,2026-06-30,23571.9,23571.9,2849210,431340,23412.6
2026-05-13,2026-07-28,23675.1,23675.1,511550,23985,23412.6
2026-05-14,2026-05-26,23700.1,23700.1,17652960,-801970,23689.6
2026-05-14,2026-06-30,23793.8,23793.8,2949765,100555,23689.6
2026-05-14,2026-07-28,23908.4,23908.4,542750,31200,23689.6
2026-05-15,2026-05-26,23643.9,23643.9,17040140,-612820,23643.5
2026-05-15,2026-06-30,23739.8,23739.8,3351790,402025,23643.5
2026-05-15,2026-07-28,23840.2,23840.2,559065,16315,23643.5
2026-05-18,2026-05-26,23658.0,23658.0,16072355,-967785,23649.95
2026-05-18,2026-06-30,23740.1,23740.1,3602235,250445,23649.95
2026-05-18,2026-07-28,23845.2,23845.2,597090,38025,23649.95
2026-05-19,2026-05-26,23612.0,23612.0,15932150,-140205,23618.0
2026-05-19,2026-06-30,23701.2,23701.2,3815435,213200,23618.0
2026-05-19,2026-07-28,23796.2,23796.2,601965,4875,23618.0
2026-05-20,2026-05-26,23668.5,23668.5,15583295,-348855,23659.0
2026-05-20,2026-06-30,23755.6,23755.6,4240990,425555,23659.0
2026-05-20,2026-07-28,23846.2,23846.2,620685,18720,23659.0
2026-05-21,2026-05-26,23631.4,23631.4,14484340,-1098955,23654.7
2026-05-21,2026-06-30,23726.8,23726.8,6179810,1938820,23654.7
2026-05-21,2026-07-28,23814.7,23814.7,624585,3900,23654.7
2026-05-22,2026-05-26,23744.0,23744.0,11340810,-3143530,23719.3
2026-05-22,2026-06-30,23801.4,23801.4,9080370,2900560,23719.3
2026-05-22,2026-07-28,23900.9,23900.9,736060,111475,23719.3
2026-05-25,2026-05-26,24063.0,24063.0,8368295,-2972515,24031.7
2026-05-25,2026-06-30,24106.4,24106.4,11607895,2527525,24031.7
2026-05-25,2026-07-28,24210.0,24210.0,859300,123240,24031.7
2026-05-26,2026-05-26,23913.0,23913.7,6626815,-1741480,23913.7
2026-05-26,2026-06-30,23978.9,23978.9,14468350,2860455,23913.7
2026-05-26,2026-07-28,24064.7,24064.7,976820,117520,23913.7
2026-05-27,2026-06-30,23996.7,23996.7,14782950,314600,23907.15
2026-05-27,2026-07-28,24089.6,24089.6,1043510,66690,23907.15
2026-05-27,2026-08-25,24206.9,24206.9,44525,44525,23907.15
2026-05-29,2026-06-30,23748.8,23748.8,17205565,2422615,23547.75
2026-05-29,2026-07-28,23852.6,23852.6,1194310,150800,23547.75
2026-05-29,2026-08-25,23953.0,23953.0,157495,112970,23547.75
2026-06-01,2026-06-30,23462.0,23462.0,17705220,499655,23382.6
2026-06-01,2026-07-28,23568.5,23568.5,1297075,102765,23382.6
2026-06-01,2026-08-25,23668.6,23668.6,307580,150085,23382.6
2026-06-02,2026-06-30,23603.1,23603.1,17458155,-247065,23483.55
2026-06-02,2026-07-28,23705.7,23705.7,1399905,102830,23483.55
2026-06-02,2026-08-25,23801.4,23801.4,346125,38545,23483.55
2026-06-03,2026-06-30,23515.7,23515.7,19037070,1578915,23405.6
2026-06-03,2026-07-28,23616.4,23616.4,1498055,98150,23405.6
2026-06-03,2026-08-25,23709.2,23709.2,427830,81705,23405.6
2026-06-04,2026-06-30,23511.6,23511.6,19696105,659035,23416.55
2026-06-04,2026-07-28,23605.0,23605.0,1532115,34060,23416.55
2026-06-04,2026-08-25,23695.9,23695.9,445510,17680,23416.55
