p_call,p_put,p_skip
0.023179021554768173,0.0058264342706102305,0.9709945441746215
0.020441759611906078,0.005899882298642176,0.9736583580894518
0.18128482820636763,0.006157197955660033,0.8125579738379723
0.25567074122181005,0.006226794163688788,0.7381024646145012
0.23477871593957134,0.01612487415240549,0.7490964099080232
0.2682379624880737,0.015218457408269588,0.7165435801036567
0.2634779826486721,0.007177406311211312,0.7293446110401166
0.24434559220999924,0.01262124597742582,0.743033161812575
0.25973595341729255,0.0066975321925098015,0.7335665143901976
0.23150785927928372,0.006126087099749572,0.7623660536209668
0.24987780719417058,0.00669196345224149,0.7434302293535879
0.2280467137210384,0.0788260280432218,0.6931272582357398
0.19998593815994092,0.09528287004409604,0.7047311917959631
0.19692100251361394,0.12567738341970092,0.6774016140666851
0.22099974484837198,0.12711125945656454,0.6518889956950634
0.198782196863762,0.1413038686462052,0.6599139344900328
0.2256833163130429,0.1373333364673957,0.6369833472195614
0.23164070281732502,0.15426223038085743,0.6140970668018176
0.24016643979952637,0.14649777024492064,0.6133357899555529
0.22625206016040433,0.15209107035212896,0.6216568694874668
0.2496284470489171,0.13927286027456065,0.6110986926765223
0.2605691062911113,0.14277407362532907,0.5966568200835596
0.23425088049857917,0.18486142703169484,0.5808876924697259
0.24211820891070399,0.1767865984144311,0.581095192674865
0.20122442747318314,0.17637660907956018,0.6223989634472568
0.18248532060572384,0.16712400617526832,0.6503906732190079
0.17074069283806872,0.16066899198306567,0.6685903151788657
0.18053726886742516,0.16748678201407882,0.651975949118496
0.1732339060624726,0.16640847849443094,0.6603576154430965
0.20369276142931417,0.16459430272737344,0.6317129358433125
0.25665683964884145,0.1515487328461845,0.591794427504974
0.24124207185756352,0.13265892362298876,0.6260990045194477
0.22615781960787992,0.1670656468942042,0.6067765334979159
0.21791150429195097,0.12530181373038324,0.6567866819776658
0.21026411557211513,0.1267720300706755,0.6629638543572094
0.10976889688585072,0.05677769341932491,0.8334534096948244
0.21982104951878315,0.14584300722945595,0.6343359432517609
0.21507792464511327,0.1424402826842437,0.642481792670643
0.2171946466125922,0.14854259568732175,0.634262757700086
0.22100746244336125,0.14728407546959815,0.6317084620870407
0.1991237609093744,0.1506322637143694,0.6502439753762562
0.1979457214149138,0.13679291896264736,0.6652613596224388
0.182690018565815,0.12053226007268689,0.6967777213614982
0.08127209071942254,0.044692656818142135,0.8740352524624354
0.20375151051514043,0.12149186814564265,0.674756621339217
0.20851715246170055,0.10121106712405412,0.6902717804142453
0.1916434962422021,0.11231323786831211,0.6960432658894858
0.04025856676800036,0.006357911072070182,0.9533835221599295
0.23762517446602885,0.1341667993908206,0.6282080261431506
0.25928709872042605,0.1082864027468011,0.6324264985327729
0.23070133217802696,0.1292075242798556,0.6400911435421174
0.0270088759606291,0.018430288847402852,0.954560835191968
0.01687904163540328,0.00839777837455965,0.9747231799900371
0.016822765529141852,0.018425108744400204,0.964752125726458
0.017535645322457074,0.031925626454620826,0.9505387282229221
0.016589332023193154,0.029345078385271003,0.9540655895915359
0.017342074906701175,0.03361290890842208,0.9490450161848767
0.13358305237683388,0.17476873514661992,0.6916482124765463
0.08194489443018935,0.1580947206607772,0.7599603849090335
0.09359219179643677,0.17135010254325594,0.7350577056603073
0.115571578630766,0.1602795886001579,0.724148832769076
0.13821030997568176,0.1560214934668899,0.7057681965574283
0.13047142274670842,0.14015398738642823,0.7293745898668633
0.143534747438121,0.13090807522030753,0.7255571773415714
0.016186814510810225,0.0089988341645286,0.9748143513246612
0.012621944971655575,0.00760297531860295,0.9797750797097414
0.016961419267714804,0.007119135315751201,0.975919445416534
0.09917874268631638,0.15720007910044986,0.7436211782132337
0.01627266374836493,0.017674779926533855,0.9660525563251012
0.1228489763930205,0.16168071201695572,0.7154703115900238
0.0972205606581886,0.15055011663775789,0.7522293227040535
0.11927464168648738,0.14374833426487435,0.7369770240486383
0.12249521024390475,0.1506847665880468,0.7268200231680484
0.10368128504226547,0.13267405458657475,0.7636446603711599
0.10353520598313158,0.16521811689801225,0.7312466771188562
0.0126219449716557,0.005673544489965845,0.9817045105383785
0.01583192148585355,0.012651935030669725,0.9715161434834767
0.0169366803103688,0.05346614828707415,0.929597171402557
0.02063315784455688,0.06828253813659084,0.9110843040188523
0.018506784375143224,0.05485778439732485,0.926635431227532
0.016961055454864454,0.19576868952052326,0.7872702550246123
0.017016978913361302,0.1985981792545823,0.7843848418320565
0.016786643430518076,0.18019223792312972,0.8030211186463522
0.019482579062272874,0.18345418755330198,0.7970632333844252
0.019483037272572126,0.2194197287529247,0.7610972339745032
0.012616455641875624,0.1562210862139921,0.8311624581441323
0.08114733893652343,0.15883202628830828,0.7600206347751682
0.01638365841534195,0.22453003249664577,0.7590863090880122
0.020729610242592653,0.19320136226616585,0.7860690274912415
0.08096335348015901,0.15381212720210222,0.7652245193177388
0.0757443773227811,0.16755335899595314,0.7567022636812657
0.11062385237632519,0.19882718120769968,0.6905489664159752
0.11021431014871425,0.22052107943741442,0.6692646104138713
0.1558747329034531,0.20503765977292676,0.6390876073236201
0.13402580168602493,0.2172995932299425,0.6486746050840326
0.12462021621582409,0.25530903526362164,0.6200707485205543
0.1273620239162802,0.24558092553718322,0.6270570505465366
0.12744511255028582,0.24830062980868642,0.6242542576410278
0.13194484261093994,0.2389067987793033,0.6291483586097568
0.12973598118098706,0.2510300417617205,0.6192339770572924
0.1281585709968395,0.2466325940424252,0.6252088349607353
0.12416392613021349,0.25439614404351873,0.6214399298262677
0.11126606506996732,0.2510695402793516,0.637664394650681
0.10667548031043976,0.23228866850522897,0.6610358511843313
0.10073916908944137,0.23012887654751416,0.6691319543630445
0.11228746779142229,0.2437958815410444,0.6439166506675333
0.10933731610420483,0.23286055589441917,0.6578021280013759
0.23805859863315046,0.020315397733863674,0.7416260036329858
0.15288825027632422,0.2606791289816054,0.5864326207420705
0.1364619580424873,0.2575050658124642,0.6060329761450486
0.14923787005092717,0.24949984049661592,0.601262289452457
0.15180035714676837,0.24539829379422815,0.6028013490590035
0.1731487295951903,0.23717908444322974,0.58967218596158
0.2695844293585612,0.035139641274843425,0.6952759293665953
0.25777154478538195,0.04002260304174331,0.7022058521728748
0.2739522117252847,0.021848035552925887,0.7041997527217894
0.2565341753199374,0.01907816561135783,0.7243876590687047
0.2694431582279932,0.03339093731532972,0.697165904456677
0.22468297708779952,0.19483744126167826,0.5804795816505223
0.2517666361298878,0.033557849132478175,0.714675514737634
0.2846219946875973,0.0309077537054871,0.6844702516069155
0.2907797374055761,0.03318100481278623,0.6760392577816376
0.2204883648822235,0.1572847492276165,0.6222268858901601
0.2106470410612601,0.035593471942881046,0.7537594869958588
0.20427624408246745,0.02424726076774261,0.77147649514979
0.2174540560170002,0.013840208980292607,0.7687057350027072
0.2052355680410209,0.014658371445686573,0.7801060605132926
0.18985815039433987,0.005852853232153816,0.8042889963735064
0.208701967914085,0.00566803879718833,0.7856299932887267
0.23610000884820623,0.005933912432968965,0.7579660787188248
0.24021334276910006,0.011139965151413769,0.7486466920794862
0.2613958756104897,0.016394603888372626,0.7222095205011376
0.22543032549334954,0.0127204827930021,0.7618491917136484
0.21629479428865966,0.01366309357678103,0.7700421121345593
0.22567862246933257,0.005979258262734485,0.7683421192679329
0.2256211357840382,0.006002139184416129,0.7683767250315457
0.2131994900190909,0.005899882319488225,0.7809006276614209
0.2276456950914559,0.0061210232666674,0.7662332816418767
0.2117880137742615,0.006064240663413075,0.7821477455623254
0.2499644143666171,0.07442590977055245,0.6756096758628304
0.23217695853098771,0.11807511812453117,0.6497479233444811
0.21734345258623122,0.12445112983774773,0.658205417576021
0.20740203065831214,0.115644058962588,0.6769539103790998
0.21311980386266502,0.10016512476777246,0.6867150713695626
0.19730348525443459,0.05076170326960998,0.7519348114759554
0.19407587257878686,0.01470830636418933,0.7912158210570238
0.18731098145054606,0.02042667176990681,0.7922623467795471
0.23958410116634232,0.06715159193726034,0.6932643068963973
0.21128657041713073,0.08282500566500603,0.7058884239178632
0.20448828128232902,0.0850372070714688,0.7104745116462021
0.2731807396595563,0.15586347843875306,0.5709557819016907
0.2778861457726557,0.16293338432605775,0.5591804699012866
0.26569465335932707,0.12957601054705242,0.6047293360936205
0.23311666538846537,0.15455088452451293,0.6123324500870216
0.25301603387889227,0.15913932063741293,0.5878446454836949
0.3200065204478112,0.15656270172663833,0.5234307778255505
0.26686629672334156,0.12376281923171233,0.6093708840449461
0.2548594190310663,0.1136739182159963,0.6314666627529375
0.24450304333605152,0.09972605549867926,0.6557709011652693
0.21661782083411496,0.15244429625937633,0.6309378829065087
0.16377094567563555,0.1343734188293269,0.7018556354950375
0.14849541794699797,0.14490398045365366,0.7066006015993483
0.1838351470143349,0.15257796581465366,0.6635868871710114
0.1573192328598036,0.13212680698367962,0.7105539601565167
0.1739088097291369,0.14382745916319825,0.6822637311076649
0.1680235309222687,0.13435194309795875,0.6976245259797725
0.20074861363068403,0.1716435537764924,0.6276078325928236
0.2098016427006842,0.16842946562910996,0.6217688916702059
0.20084145545674797,0.16869396828708413,0.6304645762561679
0.24761352379265528,0.14922749350213516,0.6031589827052095
0.21223790152437072,0.1548644614964783,0.6328976369791509
0.274155579939054,0.1301587516633729,0.5956856683975732
0.24377998821871896,0.13200581442066525,0.6242141973606158
0.22798233612235352,0.14863801895521384,0.6233796449224326
0.2024755262117738,0.17818225311075908,0.6193422206774671
0.21711190754192256,0.17236112999198974,0.6105269624660877
0.16782600510291576,0.18811949726660404,0.6440544976304802
0.21776688138846026,0.1613334906226554,0.6208996279888843
0.1865791507563565,0.17575101311341904,0.6376698361302245
0.19744548530959996,0.18472391936234445,0.6178305953280556
0.19121732541300607,0.16317911865787743,0.6456035559291164
0.17837224187068207,0.14167050992935293,0.679957248199965
0.18154969464285287,0.15310833274768404,0.665341972609463
0.20912090558892968,0.15840636065047498,0.6324727337605954
0.21563439759933173,0.15250223057430123,0.631863371826367
0.20542778008647736,0.1295965137718083,0.6649757061417144
0.203647930732242,0.12745758711899666,0.6688944821487613
0.04145833901433638,0.15475661252588993,0.8037850484597737
0.02844750136348725,0.014715552522582973,0.9568369461139298
0.25140048486527344,0.1393262747932949,0.6092732403414316
0.21346221493727732,0.1504413977005694,0.6360963873621532
0.18961767986797584,0.15920777350916848,0.6511745466228557
0.025687015892963176,0.014373132580443851,0.959939851526593
0.021178123266986953,0.014318343762699163,0.9645035329703139
0.020427812219492202,0.005929198042473675,0.9736429897380341
0.26748406150314785,0.11591383711678678,0.6166021013800653
0.029825440049019922,0.01699378525998968,0.9531807746909904
0.02312689624063225,0.011599338570049975,0.9652737651893177
0.022103179597668377,0.01288487038821285,0.9650119500141188
0.02576195106571273,0.007449393932619851,0.9667886550016674
0.21029180686129448,0.01702097755413735,0.7726872155845682
0.19310325038934836,0.01638145691546543,0.7905152926951862
0.1795058415847867,0.03977317124022523,0.7807209871749882
0.18779303100294215,0.04179882773579833,0.7704081412612596
0.2023568869005898,0.03991575199406115,0.757727361105349
0.18185946922857116,0.03586551322750337,0.7822750175439255
0.1908377391655702,0.04821935890390723,0.7609429019305225
0.18419537432508806,0.034358630487502824,0.7814459951874091
0.18705237145055453,0.04221056572071449,0.770737062828731
0.189750963251038,0.012632757683091226,0.7976162790658707
0.19008622150272492,0.021289213515922376,0.7886245649813527
0.19389144613898662,0.02885943125935928,0.7772491226016541
0.19833991973656304,0.038139491850838425,0.7635205884125985
0.18763345210123222,0.024954223114882924,0.7874123247838849
0.19110661152670666,0.03425788547883908,0.7746355029944543
0.19755379008751225,0.03696004789392391,0.7654861620185639
0.17496631410343655,0.027472136826695134,0.7975615490698683
0.18660548978991334,0.03641215548212967,0.776982354727957
0.19826078707082506,0.040201456704826125,0.7615377562243488
0.20036746679718423,0.0060159234940333275,0.7936166097087825
0.1783880222493364,0.005979134278597725,0.8156328434720659
0.1901289820281712,0.005985403672420576,0.8038856142994083
0.19026493810035275,0.0200779000726783,0.789657161826969
0.17085840399968866,0.01202590554210005,0.8171156904582113
0.189033334575339,0.01839024060165508,0.792576424823006
0.032725766296717626,0.19198854194088275,0.7752856917623997
0.03785937907769722,0.20700243559643955,0.7551381853258632
0.18224923756262926,0.15832072816101386,0.6594300342763569
0.226235798762577,0.13372355089134882,0.6400406503460743
0.21243267920688447,0.15489848659792374,0.6326688341951918
0.20731340635646828,0.1826944160496399,0.6099921775938919
0.19833117038648693,0.18033929833903015,0.621329531274483
0.18055119419002055,0.18827328114562622,0.6311755246643532
0.1242166952083805,0.17948938050615748,0.696293924285462
0.1426222671652495,0.16907213839553786,0.6883055944392127
0.15206213154167697,0.13511198524970855,0.7128258832086145
0.15254135046276848,0.12021295529470787,0.7272456942425237
0.16883723267825473,0.09013089019567172,0.7410318771260735
0.20902479075348743,0.08446278450593842,0.7065124247405742
0.14523652767217946,0.08609748117310174,0.7686659911547189
0.16284781275660898,0.08981341431721127,0.7473387729261798
0.22067486723083968,0.11917387065156872,0.6601512621175916
0.1878767076064308,0.13451789153892524,0.6776054008546439
0.22123858722919892,0.12371828576864638,0.6550431270021547
0.2715166394122552,0.14206127398770094,0.5864220866000439
0.2967337806744303,0.15255938911107292,0.5507068302144967
0.26096319984350186,0.16350647764524784,0.5755303225112504
0.24081430807085694,0.176490342059695,0.582695349869448
0.24200573485914695,0.17560655491411448,0.5823877102267386
0.22173776651795987,0.1824645804346922,0.5957976530473479
0.19373046501145513,0.18283222962955076,0.6234373053589941
0.1749279593860081,0.15137460408300993,0.6736974365309819
0.18865284659028486,0.1472249761250622,0.664122177284653
0.21749318362073689,0.13361548323099512,0.648891333148268
0.25232312370060794,0.1331612280907195,0.6145156482086725
0.22673171487232321,0.12097405016714648,0.6522942349605303
0.22344867547052139,0.10488733412246624,0.6716639904070124
0.031996828055642176,0.0778781462449207,0.8901250256994371
0.24057289685390415,0.1230650491246996,0.6363620540213962
0.22603280777330803,0.1176332923395203,0.6563338998871716
0.24737142106173807,0.12016419692838766,0.6324643820098743
0.2346161466370838,0.12278072583853371,0.6426031275243825
0.25125219689528483,0.10500395899016277,0.6437438441145524
0.21004193142835106,0.12823331124654272,0.6617247573251063
0.1957640825520286,0.144568266653553,0.6596676507944185
0.1919890420999513,0.12716880815008771,0.6808421497499609
0.199866880017756,0.12781695656798142,0.6723161634142626
0.20929759479785587,0.11823313364706045,0.6724692715550836
0.22044865472168984,0.10820142455408496,0.6713499207242252
0.2653462940321836,0.10268011634362945,0.6319735896241869
0.21169229325252928,0.10312746758846607,0.6851802391590046
0.25939166102077327,0.11345336975814163,0.6271549692210852
0.016961419267714,0.00580266425892325,0.9772359164733627
0.016479231992709974,0.00581658251018987,0.9777041854971001
0.016961419267714724,0.0058026642589129,0.9772359164733724
0.016961419267714804,0.005802664258911726,0.9772359164733735
0.016961419267714804,0.08190810536843597,0.9011304753638493
0.012621944968062375,0.032893667379962355,0.9544843876519753
0.021588753105995853,0.03127987279268278,0.9471313741013214
0.1993564810588586,0.07536042279855931,0.7252830961425821
0.16636460528709823,0.08853407464303963,0.7451013200698621
0.23261386355501715,0.10218223169192506,0.6652039047530578
0.1779374436648353,0.09837378034886506,0.7236887759862997
0.18273685035602083,0.10882448777224528,0.7084386618717339
0.17957987522023663,0.11664906097102527,0.7037710638087381
0.18423674221371264,0.10798334815991104,0.7077799096263764
0.161140614688773,0.1038251979483063,0.7350341873629207
0.16559428559303024,0.09195077835367431,0.7424549360532954
0.16796930120157097,0.09407425517130298,0.7379564436271261
0.19343066270049708,0.11012680487185936,0.6964425324276435
0.16252842489339744,0.09522962073484503,0.7422419543717576
0.1667467868083931,0.0671056382956189,0.766147574895988
0.14742163912681355,0.03565171356762615,0.8169266473055603
0.21171750830907407,0.006223374978275428,0.7820591167126505
0.20125566940281692,0.006314660060638255,0.7924296705365449
0.19968911932437586,0.011757662234994831,0.7885532184406293
0.20978229480808852,0.03786679825270311,0.7523509069392085
0.20668571160490298,0.016936928433275926,0.7763773599618211
0.20487322626911678,0.013764486360788768,0.7813622873700945
0.20699689818750044,0.01464855412019223,0.7783545476923073
0.22124366196063758,0.005950515091317789,0.7728058229480447
0.2534656781113642,0.006127184574359512,0.7404071373142763
0.22081808433004865,0.005853953043143093,0.7733279626268083
0.23074384565586653,0.006145654731409004,0.7631104996127246
0.2020933249614409,0.006096558660634325,0.7918101163779248
0.2161149671195764,0.006376118482528425,0.7775089143978952
0.22081861796589186,0.006106427488167775,0.7730749545459403
0.250036026047485,0.0061261896026123235,0.7438377843499028
0.2527326892943526,0.006490742331025846,0.7407765683746215
0.22498618231566198,0.006989586104990488,0.7680242315793475
0.1855779616077765,0.0059503927244740655,0.8084716456677494
0.16340538301627208,0.006127640868485405,0.8304669761152426
0.15001150615049516,0.013842158033158431,0.8361463358163465
0.15104933472739795,0.02388060953792443,0.8250700557346776
0.1502138866882898,0.016703263966265806,0.8330828493454444
0.13511207934873085,0.020366450633396413,0.8445214700178727
0.17612317899860586,0.019079403002873207,0.804797417998521
0.19710724328958323,0.024425441762112338,0.7784673149483045
0.18682672191300825,0.028604297738566736,0.784568980348425
0.19137909185024524,0.030686053346941553,0.7779348548028132
0.195797372677468,0.026629322496771357,0.7775733048257607
0.1992222751839862,0.019769407351872607,0.7810083174641412
0.21169386922012157,0.02412360946639863,0.7641825213134797
0.18816093193572997,0.020239896875186052,0.791599171189084
0.18973317369387183,0.011537883398614609,0.7987289429075135
0.18672833430989255,0.014829027739884204,0.7984426379502232
0.19982652707132403,0.05791461003106328,0.7422588628976127
0.1979215785127618,0.0574061834344272,0.744672238052811
0.18875017320403767,0.0839153733799892,0.7273344534159731
0.18033858662613783,0.08891171000009325,0.7307497033737689
0.1645305956516634,0.08477073230060833,0.7506986720477282
0.2213808239960314,0.13615072813317106,0.6424684478707976
0.21655031157766294,0.1439479932970537,0.6395016951252834
0.19563484361011957,0.14751111189452082,0.6568540444953596
0.18788213654093347,0.10724765456537645,0.70487020889369
0.17921993892942123,0.14557648528372202,0.6752035757868567
0.17650114361783095,0.1212564283025707,0.7022424280795984
0.166707348708848,0.11674206000435844,0.7165505912867935
0.19002141731946554,0.15815955583192073,0.6518190268486137
0.23197585779070293,0.17534935212906208,0.592674790080235
0.1934566841991583,0.17693469080858515,0.6296086249922566
0.15683879265058204,0.1717155372001577,0.6714456701492603
0.15309177568040744,0.16282045458547847,0.6840877697341141
0.14469318980037144,0.1579755907587669,0.6973312194408616
0.1758541856205535,0.08478903392103578,0.7393567804584107
0.1716145661755835,0.1302028589093996,0.6981825749150169
0.16587759045070835,0.14516676516295945,0.6889556443863323
0.1595480522312336,0.11411748971955861,0.7263344580492077
0.16451902592977874,0.1223295962711235,0.7131513777990979
0.1588112304850787,0.08965152848313641,0.751537241031785
0.18336859654606932,0.005951870371334016,0.8106795330825967
0.15481692481995363,0.07781752205750653,0.7673655531225398
0.16270575116854022,0.006030093625396129,0.8312641552060637
0.15139316420130547,0.07647940695104814,0.7721274288476464
0.13758466881482515,0.10071979422700698,0.7616955369581679
0.1544059703627758,0.1021601039876133,0.7434339256496109
0.12709216458789985,0.08419189450134798,0.7887159409107521
0.13180667518679642,0.11682229954985343,0.7513710252633502
0.12403518603807832,0.1064701633600266,0.769494650601895
0.1617527220404565,0.12424311465311501,0.7140041633064285
0.11984134225745034,0.11104170496946482,0.7691169527730848
0.1104381046472124,0.11267645642432432,0.7768854389284633
0.10261451810120624,0.11154809311531291,0.7858373887834809
0.10511812913855105,0.10794776079744633,0.7869341100640026
0.1027587563975488,0.09477444722519081,0.8024667963772605
0.1183561312904492,0.06334658847166909,0.8182972802378817
0.1333050357573836,0.0983533798296239,0.7683415844129926
0.12037831437862805,0.10608409111601276,0.7735375945053592
0.11543649948038459,0.07849366733481848,0.806069833184797
0.14533723790676936,0.11056923535384158,0.7440935267393891
0.12704542928237728,0.07675272585703936,0.7962018448605834
0.1285766798197807,0.08291276917989139,0.788510551000328
0.12199382503307724,0.07677228112490506,0.8012338938420177
0.11932012544461815,0.06253992070244771,0.8181399538529341
0.10566693908919872,0.07679653576082576,0.8175365251499755
0.025321285529873002,0.2231660496697276,0.7515126648003994
0.020950051970851175,0.20544080232404555,0.7736091457051033
0.12948582354498062,0.14989867387334185,0.7206155025816776
0.09821305141115348,0.18699179349861042,0.7147951550902362
0.07965875001217447,0.19782751568168855,0.722513734306137
0.025973868113695023,0.19461735045051384,0.7794087814357911
0.031496359260735775,0.1652664764003808,0.8032371643388834
0.025132627750245374,0.17364315271293235,0.8012242195368222
0.022161532076652075,0.17324002654537501,0.804598441377973
0.16264946228359883,0.18737984548496192,0.6499706922314393
0.1378964315374435,0.1450010923087947,0.7171024761537619
0.10660116686611276,0.13176842406345673,0.7616304090704304
0.12525997707652128,0.13914196398933137,0.7355980589341473
0.12280045900692345,0.10648618695290511,0.7707133540401715
0.17373964447423026,0.12596261912560688,0.7002977364001629
0.131210750300169,0.10263508872123726,0.7661541609785938
0.24976716445660638,0.12560107661550352,0.6246317589278901
0.24854569516166464,0.13033144431312593,0.6211228605252095
0.21405562692093896,0.1284129101653403,0.6575314629137208
0.21890146106383337,0.11813554308519651,0.6629629958509702
0.23831309785623336,0.1217090686342447,0.6399778335095219
0.20932898553851995,0.1329363255667387,0.6577346888947414
0.19839369708337093,0.14230451168748612,0.659301791229143
0.2149751913416013,0.12945003643467146,0.6555747722237272
0.2545077164097514,0.11096113156207645,0.6345311520281722
0.22163367184099625,0.15522219468696996,0.6231441334720338
0.19793594785724888,0.14319432287274841,0.6588697292700026
0.20544682209243192,0.13924123303815636,0.6553119448694117
0.20397360439959378,0.14282703543073832,0.6531993601696678
0.17599912356485922,0.1471995179106847,0.6768013585244561
0.12956876376210114,0.13696270072029199,0.7334685355176068
0.18370954554060495,0.1537367969803646,0.6625536574790305
0.17755304073501305,0.15861184830550043,0.6638351109594866
0.21025924033040863,0.1569511661545717,0.6327895935150197
0.12684402749956178,0.13823124081089475,0.7349247316895435
0.208902447258296,0.1360600468405012,0.6550375059012029
0.201189585248519,0.13534691000271418,0.6634635047487669
0.21819926114794347,0.1169528218527802,0.6648479169992764
0.20131419318378285,0.1555737903878377,0.6431120164283795
0.21616810345922674,0.14043973451602362,0.6433921620247497
0.21647364481227518,0.12409621816500965,0.6594301370227151
0.2222099683596335,0.12255660824555055,0.6552334233948159
0.034351015668130105,0.018921827293133478,0.9467271570387364
0.2281400773780629,0.12175767511067458,0.6501022475112624
0.20698780265433836,0.12491017211912282,0.6681020252265388
0.2149479436814318,0.12650286986163725,0.658549186456931
0.21011437835240337,0.11391446487974753,0.6759711567678491
0.21411742234655343,0.1268957896839655,0.6589867879694811
0.031114912443568753,0.021863623032315854,0.9470214645241154
0.031341872441932574,0.016709115660285476,0.9519490118977819
0.026472588574548577,0.016059161568398553,0.9574682498570529
0.19851327525529738,0.1300006923051386,0.671486032439564
0.03100190775589585,0.019250424855575474,0.9497476673885287
0.0257967748068298,0.01630706801162245,0.9578961571815477
0.021537514770814427,0.017776733582609554,0.960685751646576
0.11299815488693311,0.11311390335047135,0.7738879417625956
0.1296099655673901,0.10758138985270317,0.7628086445799067
0.10446552843302771,0.11819850304124727,0.7773359685257251
0.10973146787089542,0.12963639211601377,0.7606321400130908
0.1324105885658427,0.09082595453220232,0.7767634569019549
0.022869687960643304,0.02053950011177663,0.9565908119275801
0.02813871004935365,0.015941694289012577,0.9559195956616338
0.026421776812008933,0.1231202866586111,0.8504579365293801
0.02336886961053205,0.13382337694626467,0.8428077534432032
0.0224366398715825,0.1376860964794464,0.8398772636489711
0.11767224850675977,0.12473901437312442,0.7575887371201159
0.10957861466562012,0.11002212649275034,0.7803992588416295
0.09335756045259096,0.12319860758431553,0.7834438319630935
0.1151153846877342,0.10585956766623683,0.779025047646029
0.13772819787318186,0.1554708769813482,0.70680092514547
0.13823428004654276,0.15753487513785905,0.7042308448155982
0.12429077056005627,0.1125556390385019,0.7631535904014418
0.134910010244711,0.13707283722476316,0.7280171525305258
0.10065724793952886,0.13956159280850972,0.7597811592519614
0.13172882448781553,0.13041691405641603,0.7378542614557684
0.020460551600786255,0.014974791737412101,0.9645646566618017
0.044274210560862726,0.026278993468039965,0.9294467959710973
0.027064728374626222,0.024177073204042828,0.9487581984213309
0.024731028335508977,0.028250197781775586,0.9470187738827154
0.028256723713014624,0.026629093885143378,0.9451141824018421
0.12867625648555278,0.030361322987456505,0.8409624205269908
0.1386668666716137,0.01644334817358172,0.8448897851548046
0.1013114472838937,0.015341790140545375,0.8833467625755609
0.12480618574292657,0.019163860725941274,0.8560299535311322
0.16496316257560092,0.024766085961652848,0.8102707514627463
0.13275299817501685,0.10195110697601847,0.7652958948489648
0.12025764843879086,0.02188552416212064,0.8578568273990885
0.10949583804559083,0.017955456970799727,0.8725487049836095
0.0968277390840034,0.014909971332245852,0.8882622895837508
0.14140756025291826,0.038081978427372404,0.8205104613197094
0.13110840950317418,0.027908040563332327,0.8409835499334936
0.188551936298805,0.08687611303326695,0.724571950667928
0.2111085423133663,0.08743590999482488,0.7014555476918088
0.20020567463915825,0.08733878283294123,0.7124555425279006
0.19217001690992333,0.10791204602778386,0.6999179370622929
0.16618897782327677,0.10710424729785872,0.7267067748788645
0.14873312968303487,0.11026537177997248,0.7410014985369926
0.15408826139590953,0.09456817127285089,0.7513435673312395
0.1549208139402659,0.08400517897048576,0.7610740070892483
0.1618803376038966,0.10334909202144604,0.7347705703746573
0.15287765483133792,0.08344776306992033,0.7636745820987417
0.22542269392145495,0.09651863694873293,0.6780586691298122
0.1417530885353588,0.10296504700832117,0.7552818644563201
0.1788654882941356,0.12539185361200003,0.6957426580938644
0.1643816733966385,0.12339243234488695,0.7122258942584745
0.22294853850998603,0.11319615465643075,0.6638553068335832
0.175618714726782,0.12750593616906833,0.6968753491041497
0.15564608927801005,0.11129387529116877,0.7330600354308212
0.13990072027529057,0.11866252270124343,0.741436757023466
0.13637180293200063,0.10441481422846913,0.7592133828395302
0.15613946257268033,0.10046061023926954,0.7433999271880501
0.1635860294764881,0.09565230819849457,0.7407616623250173
0.14711999557305538,0.10121104338973386,0.7516689610372107
0.18441353955382292,0.10729939939824627,0.7082870610479308
0.19426787278608684,0.12256160225163763,0.6831705249622756
0.16090713470871443,0.10526563100152603,0.7338272342897595
0.15248430002903746,0.10939675005476628,0.7381189499161963
0.16255674817900603,0.09980339206710055,0.7376398597538935
0.17555187598640828,0.11361473501508551,0.7108333889985062
0.1401526898395424,0.1219846800819961,0.7378626300784614
0.12727909264451767,0.09999807458453827,0.7727228327709441
0.11298474363603911,0.11072458695018605,0.7762906694137748
0.1400901167093152,0.11902530278164553,0.7408845805090393
0.13484667830194405,0.09589664184253487,0.7692566798555212
0.13033644838131203,0.10024238044218958,0.7694211711764984
0.11187696248696967,0.09792105363493932,0.790201983878091
0.1020417155318528,0.10592379638724078,0.7920344880809065
0.06860155230454432,0.06420660056377663,0.8671918471316791
0.06486682529012379,0.0658846803550708,0.8692484943548054
0.07860103230639852,0.07304152462687404,0.8483574430667274
0.07186375571632558,0.0736164184113731,0.8545198258723014
0.019483037272572126,0.0234742277800499,0.957042734947378
0.07851885227828984,0.07290581734063985,0.8485753303810704
0.07665880611493033,0.06404116531384103,0.8593000285712287
0.11378522856567837,0.09405716695684158,0.7921576044774801
0.1794399455811203,0.13368926338547713,0.6868707910334027
0.0302430773570431,0.028793562077249778,0.9409633605657071
0.030691146869639026,0.03348107551270202,0.9358277776176589
0.03069114686963903,0.034206687926714205,0.9351021652036468
0.13633701391294534,0.15025449644910763,0.7134084896379471
0.1126490270949639,0.14665618480629108,0.740694788098745
0.11030384177778244,0.13991568067008936,0.7497804775521282
0.10693419042059742,0.12543095196357532,0.7676348576158273
0.10758178791608612,0.11115765367547359,0.7812605584084403
0.0906548840519103,0.08398514810630463,0.825359967841785
0.017239580129996927,0.02724810813096483,0.9555123117390383
0.017236756243237356,0.021797519840178903,0.9609657239165837
0.021873075140523824,0.018848331018183475,0.9592785938412927
0.021148039659033276,0.02622345252206935,0.9526285078188974
0.09680052435726268,0.06731329067427622,0.8358861849684611
0.01908894571473668,0.011634963028803177,0.9692760912564602
0.11443742091355134,0.01183208793508711,0.8737304911513615
0.11952350949006757,0.006113219164760976,0.8743632713451714
0.11565031998308288,0.00621202315040165,0.8781376568665155
0.10736813198220002,0.028343762184183663,0.8642881058336163
0.08694899148043136,0.014856871963248657,0.89819413655632
0.1575410501912542,0.01741442156190302,0.8250445282468428
0.1582111954203906,0.012156955255549346,0.8296318493240601
0.15096868029090652,0.01768081949593269,0.8313505002131608
0.12719138641407451,0.13453709562638763,0.7382715179595378
0.12014139432685969,0.10369231335877002,0.7761662923143703
0.11605263401937266,0.07865532480666274,0.8052920411739646
0.14942967265332058,0.08913814073956856,0.7614321866071109
0.11944780723855294,0.10097868836763466,0.7795735043938123
0.09949003893780779,0.13506111452275157,0.7654488465394407
0.07754839852875299,0.136043658883392,0.7864079425878551
0.08666580681056181,0.1255861672626699,0.7877480259267683
0.08490457517540549,0.12928907782300184,0.7858063470015927
0.07098588384701054,0.12221914100713221,0.8067949751458572
0.0603746450582984,0.11571820036425852,0.823907154577443
0.07581336006754473,0.12640953852996245,0.7977771014024929
0.07406115385810245,0.12072572908414697,0.8052131170577506
0.08164845012781645,0.10838051226191879,0.8099710376102648
0.07723814735486371,0.10909214985052039,0.8136697027946159
0.07109195802216402,0.09024588080623772,0.8386621611715983
0.07120899289128674,0.09300845583350088,0.8357825512752124
0.07413736969233067,0.10297678894227993,0.8228858413653894
0.0685149660370178,0.11168150126512695,0.8198035326978552
0.07049868058772718,0.09460295112253428,0.8348983682897385
0.07126631580522576,0.09214335614350459,0.8365903280512696
0.05936194702897005,0.09571334662668177,0.8449247063443481
0.06040790436723825,0.10009507329619695,0.8394970223365648
0.07719483849608491,0.12967575761339048,0.7931294038905247
0.07498587168559705,0.14634645989989586,0.7786676684145071
0.08793846734604434,0.14982451856559373,0.762237014088362
0.08732180955378858,0.14742436618360924,0.7652538242626022
0.08328014618544705,0.13988326520307093,0.7768365886114821
0.06367838242298685,0.12863299593066563,0.8076886216463475
0.058934788059275156,0.10434425331100841,0.8367209586297164
0.11621735363351184,0.17420829716951794,0.7095743491969703
0.11250117921720856,0.13322653493945033,0.7542722858433412
0.08921474889953708,0.1570965240681315,0.7536887270323315
0.09110543780566516,0.12886762253051004,0.7800269396638247
0.06619727138632275,0.11327452268340321,0.820528205930274
0.06815637296637793,0.1289460177733844,0.8028976092602377
0.07561079492982865,0.11792773766159363,0.8064614674085777
0.06963941000368497,0.10581346400934107,0.824547125986974
0.056151462463604127,0.08642274813117706,0.8574257894052189
0.06565217021772625,0.08442967923045655,0.8499181505518172
0.06060145186582165,0.08571829605700153,0.8536802520771768
0.05561946907580305,0.07949809808659414,0.8648824328376028
0.07067713375444527,0.10659369555576516,0.8227291706897896
0.0604402820542171,0.07169304749405184,0.867866670451731
0.05154603094319186,0.0706774744194505,0.8777764946373576
0.05248578857714538,0.07380398014504534,0.8737102312778093
0.04864441049519192,0.06279981751580799,0.888555771989
0.04467290407143656,0.04453260642194134,0.9107944895066221
0.05485101112122994,0.0664384868601899,0.8787105020185803
0.016740677589140524,0.016932725516426127,0.9663265968944333
0.06529333521673673,0.09994706887696471,0.8347595959062986
0.06569720386345719,0.10298215261054554,0.8313206435259973
0.06405575783638914,0.09881669849553913,0.8371275436680717
0.06437189370337848,0.09459210640060375,0.8410359998960177
0.0556905623684523,0.11210746638027227,0.8322019712512754
0.07686329735379609,0.1095001151750726,0.8136365874711313
0.01854360950377765,0.01894206993121645,0.9625143205650059
0.016990331750452076,0.0217975198401789,0.961212148409369
0.09503683374432373,0.016396194118843237,0.888566972136833
0.12071545629739401,0.08288206899875902,0.796402474703847
0.09961949513364095,0.13766210294196946,0.7627184019243896
0.09814494474758932,0.11771679557492844,0.7841382596774822
0.07303171188432986,0.1517368615095378,0.7752314266061324
0.07988554761243205,0.14945825672795615,0.7706561956596117
0.12131891697358448,0.13688048535724537,0.7418005976691702
0.07923586768155748,0.14864720304672893,0.7721169292717136
0.06452559299307405,0.13978636763945684,0.7956880393674691
0.07276319367139253,0.13659356123691685,0.7906432450916906
0.06860404676544775,0.12550652825025962,0.8058894249842926
0.05376563162895642,0.10798696923323348,0.8382473991378101
0.06102782175989728,0.1290718683841268,0.8099003098559759
0.05067376203558223,0.10717092620414145,0.8421553117602762
0.10687364206838387,0.15454617933969342,0.7385801785919227
0.10690007550846063,0.15029635381575004,0.7428035706757893
0.09810045826950405,0.13901645601901022,0.7628830857114858
0.10101465801163807,0.12911187549588465,0.7698734664924772
0.12066180587035238,0.13347093250134046,0.7458672616283072
0.09703462881372321,0.13855786317478602,0.7644075080114908
0.09123722148316192,0.14298255247686287,0.7657802260399752
0.0979619731790887,0.140590406116099,0.7614476207048124
0.08986810897125914,0.15001583312475564,0.7601160579039852
0.14280929984520088,0.15638733994339346,0.7008033602114057
0.12531839666424885,0.15928638714873417,0.715395216187017
0.10923981387968384,0.15894890641509302,0.7318112797052231
0.16731035550917867,0.13272388719610334,0.699965757294718
0.03026217698168723,0.02881049292974158,0.9409273300885712
0.03044361807116615,0.028972783592615275,0.9405835983362185
0.03067629713767805,0.027268304202512774,0.9420553986598091
0.030492080350143377,0.026539779303312926,0.9429681403465437
0.021745108289383676,0.018250608039969776,0.9600042836706465
0.02610282824542185,0.019065724488484176,0.9548314472660939
0.022414653028348178,0.031671767022362234,0.9459135799492896
0.025148689870517403,0.029836630225058954,0.9450146799044237
0.024928986361345228,0.02704375629777638,0.9480272573408784
0.021973065521590604,0.017811935933616452,0.960214998544793
0.0257967748068298,0.01680273589230535,0.9574004893008649
0.19907097686474068,0.11813161673690874,0.6827974063983506
0.024514137019715502,0.018844805199979702,0.9566410577803048
0.024679196662635804,0.01727500850532823,0.958045794832036
0.02030647549705603,0.013010144452651477,0.9666833800502925
0.1706934333985046,0.1400342907455536,0.6892722758559419
0.14778361545867372,0.13626564241355713,0.7159507421277692
0.2029623087080493,0.12980305934591285,0.6672346319460379
0.16964633235503274,0.11921389843503086,0.7111397692099364
0.15077342894047283,0.15619027378958103,0.6930362972699462
0.2005372014229615,0.1366767517230177,0.6627860468540208
0.17053409375336856,0.13113249605530614,0.6983334101913253
0.14182265647988462,0.14605413741333084,0.7121232061067845
0.08260362534475946,0.10729425370019288,0.8101021209550476
0.06699936849237924,0.12984983762904773,0.8031507938785731
0.057608763032808714,0.1216347995304747,0.8207564374367167
0.0803317403311135,0.12556270582227516,0.7941055538466114
0.08256640987599327,0.09706954881714207,0.8203640413068647
0.1088184722508665,0.15931308017196316,0.7318684475771703
0.07510793206035056,0.14052824543749307,0.7843638225021564
0.08013269827594932,0.12814612871659659,0.791721173007454
0.07581017778812969,0.12220563993271533,0.801984182279155
0.07159479389220681,0.13632932628839264,0.7920758798194006
0.06755192734775221,0.12405168712631165,0.8083963855259362
0.017013874852419626,0.02403505520774447,0.9589510699398359
0.018534646685414602,0.037561266184902346,0.9439040871296831
0.021477661462170356,0.023733212894220496,0.9547891256436092
0.019689021306101024,0.01887239810510042,0.9614385805887985
0.02000242854390485,0.01638394135449287,0.9636136301016023
0.07970186073644916,0.07082931128361653,0.8494688279799343
0.10461433048325358,0.07387698732238453,0.8215086821943619
0.11022550308439154,0.05771659519998565,0.8320579017156228
0.08693091003208463,0.06311941447906039,0.8499496754888549
0.031205570901476423,0.026208851646968928,0.9425855774515547
0.02380853243093218,0.021949799795761657,0.9542416677733062
0.023633806607095773,0.021894275380754426,0.9544719180121498
0.1025981730572003,0.17463953178713615,0.7227622951556635
0.1059868135300122,0.15075723826413112,0.7432559482058566
0.09425752732682793,0.10527812704180294,0.8004643456313691
0.12424125148861952,0.15397086758216755,0.7217878809292129
0.10866529333738145,0.1596891756957351,0.7316455309668835
0.13321800505795842,0.1580081797409899,0.7087738152010518
0.09713898260329554,0.12712568429998225,0.7757353330967223
0.08961290457949932,0.0834092797146448,0.8269778157058559
0.09134940538983499,0.09660935509342748,0.8120412395167376
0.12347908517990025,0.08342457773183559,0.7930963370882641
0.06839288966439162,0.057263886643722825,0.8743432236918856
0.017623205923616825,0.01897660926850935,0.9634001848078738
0.018506784375143224,0.0189044535134593,0.9625887621113974
0.016740677589140524,0.016932725516426127,0.9663265968944333
0.016972973206543777,0.019780894476572528,0.9632461323168837
0.10093241430489018,0.09161208533704737,0.8074555003580625
0.1829249231132349,0.11929948102639121,0.6977755958603739
0.1669333498897459,0.1325513120224548,0.7005153380877993
0.1502925198588179,0.12327130440281321,0.7264361757383689
0.13749374473174067,0.1166899464084707,0.7458163088597886
0.11929825872539404,0.1183528820769715,0.7623488591976345
0.141771814206363,0.12322755988724442,0.7350006259063926
0.11467294106587315,0.10180576180001613,0.7835212971341107
0.11022120186757305,0.11050027505894253,0.7792785230734846
0.10695111381001582,0.09951454305620032,0.7935343431337839
0.10164451935132526,0.082611324443303,0.8157441562053718
0.09574860738637528,0.0780437798097729,0.8262076128038518
0.07196570787155583,0.06595035104479814,0.862083941083646
0.026990416278480228,0.05604101840991625,0.9169685653116035
0.016136375565017128,0.01985451283413943,0.9640091116008435
0.01713452862244795,0.011449447650478225,0.9714160237270738
0.0159737630493792,0.021908167001762624,0.9621180699488582
0.01826791732615965,0.0060270843230028,0.9757049983508376
0.017245591445723726,0.005899882765872775,0.9768545257884035
0.016961345380089674,0.0058037280355283,0.977234926584382
0.01724276393755015,0.005939904302902925,0.9768173317595469
0.01694805877734473,0.011324846806361302,0.971727094416294
0.016960970332589677,0.005809127678024401,0.977229901989386
0.017242684684299424,0.00594102608106025,0.9768162892346404
0.0169614192677138,0.005802664258925975,0.9772359164733602
0.016961419267670103,0.005802664259555151,0.9772359164727747
0.016961419105732754,0.005802666591003451,0.9772359143032638
0.0169614192676247,0.005802664260209075,0.9772359164721662
0.01696141926758515,0.0058026642607784,0.9772359164716364
0.016961419267714575,0.005802664258914925,0.9772359164733705
0.0164792319927101,0.005792515423270925,0.977728252584019
0.016961417907367226,0.0058026838441392,0.9772358982484936
0.016961419034880226,0.005802667611083075,0.9772359133540367
0.01733116360880215,0.0059296799888169,0.976739156402381
0.0164792319927101,0.0057925154232709,0.977728252584019
0.016961287349239178,0.005804563518624301,0.9772341491321366
0.016479231990711652,0.0057925154528859005,0.9777282525564025
0.012621944971655724,0.005618622296344125,0.9817594327320002
0.012621944971541125,0.0056186222985627,0.9817594327298962
0.012621944934873725,0.007585797959014999,0.9797922571061113
0.016479231590134376,0.005792521389083275,0.9777282470207823
0.0169614190110699,0.0058026679538857,0.9772359130350444
0.016961419257009,0.00580266441304545,0.9772359163299456
0.016273028866201328,0.007947620066945802,0.9757793510668529
0.01696141907853075,0.005802666982636825,0.9772359139388325
0.016961049077421974,0.0058629161647345196,0.9771760347578435
0.012780359486256226,0.015905444223638578,0.9713141962901052
0.016961419267714755,0.005802664258912351,0.9772359164733729
0.01696141926771463,0.005802664258914251,0.9772359164733712
0.016961415939898375,0.00580271217022705,0.9772358718898746
0.0185852636857031,0.029370864056573,0.9520438722577239
0.01837624649369775,0.03184286561905888,0.9497808878872434
0.017847825601064,0.03083445940650395,0.951317714992432
0.017472055366796125,0.023679012047373275,0.9588489325858306
0.01916567444246895,0.02650234810570715,0.9543319774518239
0.016940453028932052,0.023876648939587155,0.9591828980314808
0.017506639155090955,0.024674657549254977,0.9578187032956541
0.01682276552914185,0.017015755163753726,0.9661614793071044
0.016773679543874077,0.016473265282428828,0.9667530551736971
0.01731616849610755,0.0244061994950299,0.9582776320088626
0.1557426318832891,0.1688663396184751,0.6753910284982357
0.021639140837829526,0.032952200993167986,0.9454086581690025
0.1282128562559277,0.1358454123586086,0.7359417313854637
0.13242587116304652,0.18554115917721647,0.682032969659737
0.11311674914856555,0.17169600428997067,0.7151872465614637
0.15632660471929993,0.17387737265684516,0.6697960226238548
0.09393203701769963,0.13626357204268322,0.7698043909396173
0.10699662415711285,0.2023304005619332,0.690672975280954
0.10408342297839551,0.16838815074656172,0.7275284262750428
0.08439029955397707,0.17449800430566054,0.7411116961403623
0.07220976299483588,0.11422202392911625,0.8135682130760479
0.07517868271826916,0.10928995199973784,0.815531365281993
0.08512013559740679,0.09479040504600188,0.8200894593565914
0.06821781444745402,0.07306159047813474,0.8587205950744113
0.05089356760018993,0.05980576334403508,0.889300669055775
0.016786643430518076,0.0187986359574056,0.9644147206120763
0.01709192333066408,0.023742816161842154,0.9591652605074937
0.016786643430518076,0.0187986359574056,0.9644147206120763
0.10031096461166225,0.07922271399845912,0.8204663213898786
0.12853707761137076,0.10802367717116716,0.7634392452174621
0.11750977839675052,0.11279865665151452,0.769691564951735
0.10805197282253107,0.1207245606284949,0.7712234665489741
0.16096528526863987,0.12803824805382816,0.710996466677532
0.13827052016311267,0.1394712844323852,0.7222581954045021
0.12391518896603711,0.13337614408428175,0.7427086669496812
0.022476166347087424,0.05684395519235432,0.9206798784605582
0.022056801849720552,0.05155197508883265,0.9263912230614468
0.13382253876470135,0.09959485848265753,0.7665826027526411
0.11449377662481994,0.1047912051532227,0.7807150182219573
0.10121360524732223,0.10330415546825646,0.7954822392844214
0.02322047385283303,0.05477625558366713,0.9220032705634998
0.1094662691681451,0.09865688280318138,0.7918768480286735
0.1000311692849284,0.08671426246825577,0.8132545682468159
0.10175389987057677,0.08642396459427328,0.8118221355351499
0.10841527287122373,0.08628616685565113,0.8052985602731252
0.13661139230636501,0.08993083043442916,0.7734577772592058
0.12366611096479913,0.09539051273632748,0.7809433762988733
0.09883896480857082,0.10144607644610773,0.7997149587453214
0.01736792763131053,0.01974736810022523,0.9628847042684643
0.016782937840341124,0.016344369309584,0.9668726928500748
0.01655014856397875,0.015743423910742176,0.967706427525279
0.017623205923616825,0.01897660926850935,0.9634001848078738
0.016786643430518076,0.0187986359574056,0.9644147206120763
0.016544101022408025,0.015829022923744326,0.9676268760538477
0.017519337828875728,0.016024563472245804,0.9664560986988785
0.020306475497056026,0.011599338570049975,0.968094185932894
0.06192898850692105,0.00611632351592405,0.9319546879771549
0.07602706273560453,0.01170708689795105,0.9122658503664444
0.07388058165022356,0.011731011781007203,0.9143884065687693
0.10828473711898248,0.009920253880814888,0.8817950090002027
0.12787902343786392,0.0369196140896104,0.8352013624725256
0.11173891796707118,0.051735711080114856,0.836525370952814
0.08908443232996961,0.04132514018355541,0.869590427486475
0.08613160340326331,0.15716598754775749,0.7567024090489792
0.08343098035271972,0.15275330852241256,0.7638157111248678
0.07993021025601413,0.15242151995163292,0.767648269792353
0.06902096877086947,0.13171459497757662,0.799264436251554
0.07544614396316399,0.13548449687480713,0.7890693591620289
0.09516056314788193,0.1336471921109898,0.7711922447411282
0.054680555193831075,0.1051564224788179,0.840163022327351
0.05129898757827439,0.10312737180394405,0.8455736406177816
0.058776870553315375,0.11922467635663107,0.8219984530900535
0.04449193684812259,0.10324446571977776,0.8522635974320997
0.06547398107191663,0.12684926503141017,0.8076767538966731
0.08275543264104622,0.13415993596933415,0.7830846313896197
0.07182948364279369,0.1149745448597592,0.8131959714974472
0.08659241114673709,0.14964132120873538,0.7637662676445276
0.06863028904020751,0.11139198017260567,0.8199777307871868
0.0579852601346278,0.11506818801174518,0.826946551853627
0.06305321849741664,0.11557245280396672,0.8213743286986166
0.09037502651944582,0.12208440151315252,0.7875405719674017
0.08290959563751416,0.09587824108184731,0.8212121632806385
0.07784610826060519,0.01919648158035313,0.9029574101590417
0.06536257341951476,0.0173225837167434,0.9173148428637419
0.060253300581985386,0.02294778631067903,0.9167989131073356
0.02106768825308923,0.05372528975115513,0.9252070219957557
0.06218210212848146,0.08664311761835806,0.8511747802531605
0.07744918273944874,0.1334217465678412,0.7891290706927101
0.075267018744027,0.11124049553834472,0.8134924857176282
0.05976934348355101,0.08718626478846994,0.8530443917279791
0.07743428851479382,0.08331255423485591,0.8392531572503503
0.01888920370175163,0.031617448164251626,0.9494933481339968
0.02171986699501615,0.030724788264375975,0.9475553447406079
0.01888919741462595,0.031201271430641428,0.9499095311547326
0.01868056268710555,0.02284662401571315,0.9584728132971813
0.016622870626504225,0.017316093224636772,0.9660610361488591
0.020918475968096827,0.031225065882851052,0.9478564581490522
0.05264934932089335,0.04782165901540268,0.8995289916637039
0.04928705095802159,0.04155639016159863,0.9091565588803798
0.04805828651907681,0.04676725873747208,0.9051744547434512
0.019762744053536802,0.023998121674116354,0.9562391342723469
0.024569276983737055,0.04333690210677928,0.9320938209094837
0.03943173041369399,0.038842711236356554,0.9217255583499495
0.08043711479703121,0.09486836832347056,0.8246945168794982
0.020484520754856506,0.023733243011675394,0.9557822362334681
0.022542714076114224,0.023854866802331853,0.953602419121554
0.02087962861043685,0.02825030051055924,0.9508700708790039
0.02007815944221958,0.02666202879177378,0.9532598117660066
0.01996745569943748,0.019671381178050444,0.9603611631225121
0.08194046986463115,0.08949529408694858,0.8285642360484203
0.10365450953633683,0.07590417766636602,0.8204413127972972
0.11220438455527515,0.08993784511395612,0.7978577703307688
0.15889982970189825,0.08104185997823668,0.760058310319865
0.11997855439519657,0.10521554748025276,0.7748058981245507
0.10348396528468247,0.10501445585704923,0.7915015788582683
0.0938603192270721,0.09092114181187828,0.8152185389610497
0.10351484924380257,0.09487527485873697,0.8016098758974605
0.09366644362402488,0.08129825228911446,0.8250353040868607
0.08174423532447259,0.07821208417469594,0.8400436805008316
0.08103096019710955,0.07859763181661732,0.8403714079862732
0.0210314114740263,0.017173334398745577,0.9617952541272281
0.018889698119916126,0.017224760298606964,0.9638855415814769
0.06991899119950763,0.06964788461429387,0.8604331241861986
0.11006075605171818,0.07593053066035928,0.8140087132879226
0.10445490068671008,0.07404000128614976,0.8215050980271401
0.11993934180025212,0.0734411156890426,0.8066195425107052
0.1070173171481882,0.07637521874254048,0.8166074641092714
0.12318709006920191,0.10536255861091207,0.771450351319886
0.11080821341738119,0.11089137368643996,0.7783004128961789
0.11820385450908578,0.12294889451296728,0.7588472509779469
0.17214448245726352,0.08932563584407781,0.7385298816986587
0.1215527456397865,0.10102757476625411,0.7774196795939594
0.08541387023608325,0.11048594246193014,0.8041001873019866
0.07957566884724072,0.11353264359409032,0.8068916875586689
0.10179616590954838,0.09964474443933015,0.7985590896511214
0.0721800535439761,0.07129330912273026,0.8565266373332937
0.0202834903236502,0.014786866384709415,0.9649296432916403
0.06938903726129929,0.07162039916258052,0.8589905635761202
0.11203438439507388,0.07158414113403333,0.8163814744708928
0.06842807351487178,0.0711421425664925,0.8604297839186357
0.06005985728172593,0.06222610048584865,0.8777140422324254
0.06206055363596724,0.0636239252969626,0.8743155210670702
0.07598893513989928,0.07798068908595752,0.8460303757741432
0.08184455312615299,0.06253777820465413,0.855617668669193
0.08073541380599522,0.06760581078860003,0.8516587754054048
0.062455852919621385,0.07506208563662543,0.8624820614437532
0.07304862629149708,0.054944932218379434,0.8720064414901235
0.06529338602607901,0.061559880957080336,0.8731467330168406
0.06263820173180874,0.05945958358156289,0.8779022146866284
0.06881614628035192,0.05839973321427383,0.8727841205053742
0.07669909203145227,0.07535259446990548,0.8479483134986423
0.06334699453265585,0.07159345430660835,0.8650595511607357
0.04705344007220084,0.055889109255086326,0.8970574506727128
0.047556527808549305,0.054643023700027805,0.8978004484914229
0.029261119613304604,0.038276394990614505,0.9324624853960809
0.029177204241038104,0.02030095227658173,0.9505218434823802
0.022434551028309276,0.0227446052397053,0.9548208437319854
0.027638784703128076,0.03044548084323305,0.9419157344536389
0.027044214470022275,0.022693829401780274,0.9502619561281975
0.028515759238183603,0.022145972254274778,0.9493382685075417
0.018534646685414602,0.03949233042298398,0.9419730228916015
0.02266872982485458,0.031533476356966135,0.9457977938181793
0.021051834739412,0.03004809108265764,0.9489000741779303
0.02231541539099015,0.028454415176342802,0.949230169432667
0.020633157844556875,0.02953883691998525,0.949828005235458
0.019247004943592976,0.026669734343256195,0.9540832607131509
0.020271846384051204,0.024858031310440353,0.9548701223055085
0.020633157844556875,0.02828114263609247,0.9510856995193506
0.018556147179318576,0.14021604111864738,0.841227811702034
0.0210312569538058,0.165142287345188,0.8138264557010062
0.017013874852419626,0.10739774204281025,0.8755883831047702
0.0169916251437445,0.1228581526171941,0.8601502222390613
0.017448539786794802,0.09959972364164728,0.8829517365715579
0.017771016027814578,0.09656884439469916,0.8856601395774862
0.017193489675825027,0.09176738625346197,0.8910391240707131
0.018643227354036153,0.0880879613036488,0.8932688113423151
0.06396843733825898,0.15604582591316016,0.779985736748581
0.06337931687053043,0.14764556306413854,0.7889751200653311
0.08184586429594126,0.15053539232070223,0.7676187433833564
0.0770513546869826,0.13452488355957404,0.7884237617534433
0.07996254627194557,0.14551175813875922,0.7745256955892952
0.08457845992818584,0.1394831553784483,0.7759383846933658
0.09685549010034918,0.13771291031659602,0.7654315995830548
0.0928354272595184,0.13132050177271193,0.7758440709677696
0.08807476371214719,0.128921745301299,0.7830034909865539
0.07526363952076474,0.13623637208904787,0.7884999883901874
0.09374647837748352,0.12432171752236293,0.7819318041001535
0.08222541743409442,0.1160300613386087,0.8017445212272969
0.0949424032796166,0.0976904436657596,0.8073671530546239
0.09117200203281407,0.11921679385193755,0.7896112041152483
0.10171461199017916,0.1431915447673868,0.755093843242434
0.08183428656606236,0.14722892723709033,0.7709367861968474
0.07211675170234245,0.13774507053649035,0.7901381777611671
0.0644313235660144,0.1210557485314424,0.8145129279025431
0.07496955971569698,0.11997231408608726,0.8050581261982158
0.08021712681906458,0.12928357397572607,0.7904992992052093
0.09780480476859454,0.1250178794596289,0.7771773157717765
0.09183604398735054,0.12100080687412156,0.7871631491385279
0.07543444974978375,0.1498018204697901,0.7747637297804262
0.07035877126817895,0.12380294288990198,0.8058382858419191
0.07672575649853204,0.14971288150723308,0.773561361994235
0.06960650160883464,0.12494356101072543,0.8054499373804399
0.08016656785313285,0.1410521114234159,0.7787813207234512
0.07026750206957968,0.12527671775789495,0.8044557801725254
0.06908562328529691,0.11892522548342933,0.8119891512312738
0.07125390274774698,0.11699149605501967,0.8117546011972334
0.07063320865426202,0.11089780585978533,0.8184689854859526
0.07366690602396951,0.11332412456567222,0.8130089694103583
0.08892410694495062,0.1351796708076281,0.7758962222474213
0.03090293590470468,0.02977319446587185,0.9393238696294235
0.08488711585961703,0.13614840173109422,0.7789644824092887
0.07353125961446043,0.14200892815577068,0.7844598122297689
0.06714628814943881,0.11288342897610007,0.8199702828744612
0.06017647548700465,0.08644171131047423,0.853381813202521
0.05570482635687958,0.0880246346715142,0.8562705389716062
0.07059688420781403,0.1021462426693574,0.8272568731228286
0.06745673571764454,0.09246530929786355,0.8400779549844919
0.08115235626869713,0.1213451865382953,0.7975024571930076
0.07054615101438927,0.10303764510840357,0.8264162038772072
0.0681051075273391,0.10982942137213766,0.8220654711005233
0.06995866244329972,0.1349673715170439,0.7950739660396564
0.06922869814160147,0.13900578768146635,0.7917655141769322
0.06713337247451652,0.12714984533662413,0.8057167821888594
0.05639213890556291,0.11928616413417456,0.8243216969602626
0.060367930955902524,0.13716338429325564,0.8024686847508418
0.0662012487061467,0.11505035588529335,0.8187483954085599
0.05993045532215027,0.10146116869128843,0.8386083759865612
0.05498130686230785,0.09346452651596468,0.8515541666217274
0.0498620897010969,0.08360456683322048,0.8665333434656826
0.08203046174001759,0.1138451724370999,0.8041243658228826
0.03900311697229443,0.0255703229818564,0.9354265600458491
0.057774528522467956,0.09694538541257323,0.8452800860649589
0.022851407635906,0.0380911744754705,0.9390574178886235
0.0217373966956734,0.025703762648373128,0.9525588406559535
0.024158845848053025,0.021549830525337425,0.9542913236266095
0.016273029215753028,0.007032650808768176,0.9766943199754788
0.021400374119529823,0.023295621601000002,0.9553040042794702
0.025762824568833102,0.03172005907821538,0.9425171163529515
0.0259455018012792,0.0306438589324207,0.9434106392663001
0.022851407635906,0.0300082170673552,0.9471403752967388
0.08863212135910384,0.14004089270600703,0.7713269859348892
0.08453574492354052,0.12098453106430604,0.7944797240121535
0.09801050311326347,0.10825496371894613,0.7937345331677904
0.08553716503485156,0.09188660862535256,0.8225762263397959
0.09437892146916968,0.12889388817859532,0.776727190352235
0.09573668189817429,0.08730223551373613,0.8169610825880896
0.10883480062821149,0.07981345948728628,0.8113517398845023
0.09705847096267273,0.08114795828816203,0.8217935707491653
0.10096491263419446,0.06525263635234124,0.8337824510134643
0.08972475863605134,0.06873423267694338,0.8415410086870053
0.08703603593008523,0.09338547741415228,0.8195784866557625
0.03687843634167962,0.1565069661455043,0.8066145975128161
0.031135129501002976,0.17416027019561792,0.7947046003033791
0.036467858394320055,0.19762381807661739,0.7659083235290626
0.03656066796724328,0.19772015010960126,0.7657191819231555
0.138811700660342,0.17785102893568464,0.6833372704039734
0.11261786122890513,0.15744413545817626,0.7299380033129186
0.12690737016717116,0.14711881288616294,0.725973816946666
0.03617603739241373,0.2014351865003766,0.7623887761072097
0.036176037392413735,0.20071680091976618,0.7631071616878201
0.03617603739241373,0.19988339260544213,0.7639405700021441
0.12041154032667552,0.16519393203544094,0.7143945276378836
0.11106420383627723,0.1634830878169411,0.7254527083467817
0.10910247988910149,0.14646043058255478,0.7444370895283438
0.03150933761062377,0.1819771027042826,0.7865135596850936
0.09457264349392668,0.14104796067447026,0.7643793958316032
0.08553800716109168,0.16063879300460937,0.753823199834299
0.0949469050456921,0.1487893343215041,0.7562637606328038
0.1056087113576428,0.13798868573817283,0.7564026029041845
0.09204813325845525,0.14125065526756012,0.7667012114739847
0.08782397019265319,0.14213068116434416,0.7700453486430027
0.10467097585929842,0.1282604282824858,0.7670685958582157
0.10453333651644935,0.13264732586890618,0.7628193376146445
0.1584441995489744,0.15198398588403222,0.6895718145669933
0.14542862799069817,0.1306045112281387,0.7239668607811631
0.12318723990785271,0.14711453201975594,0.7296982280723914
0.10341358298665813,0.1479114722479354,0.7486749447654065
0.1134867679065323,0.13933437199569296,0.7471788600977748
0.09875558658729872,0.14079305364325065,0.7604513597694507
0.09660580773835993,0.1302866647457505,0.7731075275158895
0.10625071197096102,0.11593209789589438,0.7778171901331447
0.10560743603211951,0.11797939450729152,0.776413169460589
0.10238874485210488,0.1244122581200224,0.7731989970278726
0.18258794115282886,0.02403177089082218,0.793380287956349
0.16877499771123614,0.02033123792740718,0.8108937643613567
0.18599908426510245,0.02431130567253091,0.7896896100623667
0.14258659733346135,0.12651011730027945,0.7309032853662591
0.10577124852508198,0.12216194522474608,0.7720668062501719
0.0907856399742344,0.09537462466425806,0.8138397353615076
0.09180466500778812,0.10253529027143246,0.8056600447207795
0.07589400509583177,0.11668657108360847,0.8074194238205598
0.08382461775694786,0.10549378747121155,0.8106815947718407
0.08443868045941581,0.1022196581432111,0.8133416613973732
0.07857144005520589,0.10170262596791474,0.8197259339768794
0.07323268741023645,0.08049729462008708,0.8462700179696765
0.07643205880445812,0.08736432671220075,0.8362036144833411
0.07853196861497247,0.119946871369559,0.8015211600154685
0.05977303335410298,0.07722426979520762,0.8630026968506894
0.01699033175045208,0.023205687264768578,0.9598039809847794
0.025337740071003274,0.030064804411655023,0.9445974555173416
0.016786643430518076,0.02011510701424505,0.9630982495552368
0.07171464036050014,0.1145051815431432,0.8137801780963567
0.07159982250192916,0.09936982454067517,0.8290303529573957
0.07013070927578638,0.09471743152941522,0.8351518591947984
0.07598739578837817,0.12864094625031475,0.795371657961307
0.08695156018064831,0.1269338015307296,0.7861146382886222
0.095151285842906,0.08122707890719048,0.8236216352499035
0.07311808774705092,0.0591847392594026,0.8676971729935464
0.08023383055618871,0.10623383951348563,0.8135323299303256
0.06278933926033813,0.03213374822407961,0.9050769125155823
0.07240139880865551,0.02707716983464273,0.9005214313567018
0.06924598886516382,0.017824889036124603,0.9129291220987116
0.01986781560045835,0.016304697288752393,0.9638274871107892
0.016648649472028102,0.014404129891009122,0.9689472206369628
0.017316547517429278,0.006190436838391546,0.9764930156441792
0.016594280103370124,0.011143370876825645,0.9722623490198042
0.0165849917804233,0.0146046249652853,0.9688103832542914
0.01638365841534195,0.014175738289832795,0.9694406032948253
0.016960998646841204,0.006118656583318926,0.9769203447698399
0.021529296097322074,0.023984960539333026,0.9544857433633449
0.020286213235082375,0.01684700512800705,0.9628667816369105
0.05747160683282208,0.1217522140194191,0.8207761791477588
0.020495105975178427,0.035748522415380256,0.9437563716094414
0.0181731846870952,0.02288539122377515,0.9589414240891297
0.019088945714736676,0.1401815539904524,0.840729500294811
0.05625024642258618,0.12657891930082152,0.8171708342765923
0.10432098195633312,0.16662598647326846,0.7290530315703984
0.02653136788931165,0.18668521764076668,0.7867834144699217
0.0213720251546846,0.18090317246493254,0.7977248023803828
0.10451168932446904,0.1613330686962554,0.7341552419792755
0.11054708571909537,0.15384415101851154,0.7356087632623931
0.10490525058441326,0.15515382367996639,0.7399409257356204
0.0497438790593161,0.18794560988709683,0.762310511053587
0.03687843634167962,0.1994796599257168,0.7636419037326035
0.11356045308829871,0.18182624071355075,0.7046133061981505
0.08888491656339312,0.17629060352249126,0.7348244799141156
0.09061131625670264,0.17997095458645682,0.7294177291568406
0.07803756525344506,0.20841545717502621,0.7135469775715287
0.09058041039348044,0.18037905443391264,0.7290405351726069
0.09929744183982013,0.17310531261958112,0.7275972455405987
0.0366169153719877,0.20537716654271798,0.7580059180852943
0.026047489767330425,0.20926266829621024,0.7646898419364593
0.03111491244356875,0.19974233616170892,0.7691427513947223
0.09022449587178467,0.1722904061561786,0.7374850979720368
0.0672345745426559,0.1661016027178262,0.7666638227395178
0.060862123633086435,0.18307977436461612,0.7560581020022975
0.061962717727795505,0.17806645716917505,0.7599708251030295
0.10987104410863481,0.1719344021446591,0.7181945537467062
0.0324973168154415,0.21371550713593213,0.7537871760486263
0.09071029643009519,0.17825609850917098,0.7310336050607338
0.08943167521721429,0.18725981256935192,0.7233085122134337
0.10603835981056922,0.18768057241565556,0.7062810677737752
0.08606801228496644,0.1851379278318838,0.7287940598831498
0.07571064602579937,0.18389365492118495,0.7403956990530157
0.1000013113884181,0.18094516705983454,0.7190535215517473
0.12083424211249096,0.17930008774864706,0.699865670138862
0.10647934467092827,0.1658476887617751,0.7276729665672966
0.10448358786705185,0.18565153507162438,0.7098648770613238
0.09833335637842301,0.18037238335189712,0.7212942602696799
0.0931881504131518,0.16946925783232403,0.7373425917545242
0.08748001438899815,0.1562562863677732,0.7562636992432287
0.09575410167702396,0.147442706885793,0.7568031914371831
0.030403428839407425,0.16274885510300827,0.8068477160575843
0.024980298472704925,0.1737962029321374,0.8012234985951576
0.06916332156872464,0.15686303173782487,0.7739736466934506
0.0610546323290157,0.1240557765645825,0.8148895911064018
0.06485433966512151,0.12444236507315397,0.8107032952617246
0.05958134874866259,0.11310292436411218,0.8273157268872253
0.07045419659201478,0.13820818781085809,0.7913376155971271
0.06696575203497843,0.12825353599316602,0.8047807119718555
0.06853877037892293,0.157408967558731,0.7740522620623461
0.06483399507098168,0.15376474310888866,0.7814012618201297
0.06793786602848922,0.14857449877084208,0.7834876352006687
0.1317199503230278,0.02396714526364664,0.8443129044133256
0.1179697593594606,0.013141304975571042,0.8688889356649684
0.1095941073197207,0.006175025404751762,0.8842308672755276
0.11125302036050767,0.017283641326696738,0.8714633383127955
0.12093732639973195,0.015801975531553956,0.8632606980687141
0.06821750532729347,0.015326402325252852,0.9164560923474537
0.032254658970233586,0.018775629192367603,0.9489697118373989
0.0326077257496722,0.017290623430124604,0.9501016508202033
0.031578006409385906,0.023444817045508957,0.9449771765451052
0.021986718679108206,0.03725954582954136,0.9407537354913504
0.02106212773250868,0.03098425702977881,0.9479536152377125
0.021649460832803023,0.028681112781646558,0.9496694263855504
0.02719446224184153,0.024218761773022717,0.9485867759851357
0.023440774666525298,0.016344369309584,0.9602148560238907
0.17871820878137476,0.018848682732293606,0.8024331084863316
0.14996719476424955,0.13744501914601623,0.7125877860897342
0.12392087131575065,0.14308540597189406,0.7329937227123553
0.15478043673183062,0.032853324327059855,0.8123662389411095
0.16862619545484148,0.019183535927613227,0.8121902686175453
0.1443585546622743,0.015401685991652614,0.8402397593460731
0.15834798511306128,0.016271604029499127,0.8253804108574396
0.179319189773963,0.026983142477882312,0.7936976677481548
0.14752554704975127,0.02842541269416314,0.8240490402560856
0.12417000754618165,0.08253081393068593,0.7932991785231324
0.13297737822189531,0.045845443413138155,0.8211771783649666
0.10341876612159788,0.08066554535528421,0.815915688523118
0.09502430594330633,0.08128823178691538,0.8236874622697783
0.1205232876001422,0.11443525985571977,0.765041452544138
0.18908445543539565,0.12994280097665706,0.6809727435879472
0.16921817105759399,0.12850759741509438,0.7022742315273117
0.15793610087512003,0.11974084187206605,0.7223230572528139
0.15888021351318732,0.10817546245855775,0.7329443240282549
0.17364616898083104,0.10232810371416344,0.7240257273050056
0.17364058185626335,0.10534154401706095,0.7210178741266757
0.2207262015339974,0.1284627106308663,0.6508110878351363
0.17695981187375945,0.13220241277870307,0.6908377753475375
0.16201501320476966,0.11175957084666902,0.7262254159485614
0.16984385742205974,0.126485110349548,0.7036710322283922
0.21227792832183395,0.13595833787817105,0.6517637337999951
0.22566694191288095,0.1353520047094286,0.6389810533776904
0.23010282265203436,0.12158299474575705,0.6483141826022086
0.19319562577078409,0.1436895522397263,0.6631148219894896
0.15763175252734174,0.164992048132026,0.6773761993406322
0.16471379659576113,0.1566620243894332,0.6786241790148058
0.12158803592835803,0.13282484080143678,0.7455871232702053
0.14465688967953885,0.12250959292433208,0.7328335173961291
0.15844883441388624,0.11829744465148692,0.7232537209346268
0.132119776926204,0.12009534197114198,0.7477848811026541
0.11699554884544147,0.14083833385125855,0.7421661173033
0.1228890492316398,0.125106392208626,0.7520045585597341
0.11457612941146185,0.10933660402018995,0.7760872665683481
0.027174252283606527,0.06654572332388464,0.9062800243925089
0.034200644883687036,0.06339796518069479,0.9024013899356182
0.11304046891460282,0.07987613425113804,0.8070833968342591
0.11233911271576782,0.09016107230075937,0.7974998149834728
0.12798557348644718,0.08830675313684533,0.7837076733767074
0.1245680508793706,0.08142406918439175,0.7940078799362377
0.04876105375057198,0.03935801725560663,0.9118809289938213
0.021630501514397077,0.02695371512120784,0.951415783364395
0.018777331090006105,0.023878932224299917,0.957343736685694
0.02172868516733358,0.02403590740014883,0.9542354074325176
0.018600536247320054,0.03315565623153517,0.9482438075211448
0.0225448819738133,0.03030099439265866,0.947154123633528
0.021673507384883398,0.028463326119244278,0.9498631664958723
0.020680807413007,0.028291405191853324,0.9510277873951397
0.017851978347969026,0.028568476475745324,0.9535795451762856
0.08091575805862493,0.06858602523611064,0.8504982167052645
0.020113313874253805,0.030246187126409328,0.9496404989993369
0.024897681025843475,0.0286571047282971,0.9464452142458595
0.026341530495617826,0.02867917795662049,0.9449792915477617
0.084220974178951,0.052406851590696454,0.8633721742303526
0.018802571672103856,0.028553527271074804,0.9526439010568214
0.06726877989860856,0.050426084214770336,0.8823051358866212
0.08177420248995922,0.05022558535383766,0.8680002121562032
0.0748364122487035,0.050755265275680785,0.8744083224756157
0.02574922374118523,0.0266992503099784,0.9475515259488364
0.10314683513847174,0.08043099501202598,0.8164221698495023
0.0845645304289933,0.06982783100259221,0.8456076385684146
0.07388862083728037,0.06811425775670024,0.8579971214060194
0.08522967981958068,0.05455450028584483,0.8602158198945745
0.07503717239210594,0.06285551453810083,0.8621073130697932
0.10541586837106381,0.07645114751368783,0.8181329841152484
0.10496000418537443,0.06967011609009104,0.8253698797245346
0.10096547771509633,0.08247082110892398,0.8165637011759797
0.1336943918884862,0.07650482783451447,0.7898007802769994
0.10086272967087836,0.09374277464649601,0.8053944956826257
0.07561594370060162,0.08083333970785787,0.8435507165915405
0.0881433177589559,0.16836612816221447,0.7434905540788296
0.09770155842927525,0.13987021671814887,0.762428224852576
0.09769410579500253,0.10732712222756421,0.7949787719774333
0.08757462824367825,0.11650665635038457,0.7959187154059373
0.0937883762864598,0.11645933964280344,0.7897522840707367
0.08092965932991406,0.08110634032691826,0.8379640003431676
0.09860942153828049,0.1130234833383009,0.7883670951234186
0.09800875259206632,0.0954607927552036,0.8065304546527301
0.019698563124576726,0.02373390510200255,0.9565675317734207
0.01965011465404915,0.01881108561907085,0.9615387997268801
0.0198337463280366,0.017149240451733175,0.9630170132202303
0.07645845326977001,0.05631547810771926,0.8672260686225107
0.06377136506533733,0.048314243457224425,0.8879143914774382
0.021529296097322077,0.01653039690285273,0.9619403069998252
0.07145607227662733,0.04890914390784116,0.8796347838155315
0.07712687662192953,0.05709280899275385,0.8657803143853167
0.11300475866317537,0.10011178515747077,0.7868834561793538
0.11040356154606779,0.1131361220567105,0.7764603163972217
0.11040844321158874,0.10836551438214438,0.7812260424062668
0.09580982674646372,0.09305357421061446,0.8111365990429218
0.09550010367699877,0.09147842070610956,0.8130214756168916
0.11468994017579995,0.07986580197282869,0.8054442578513714
0.1251402006136143,0.09665786020973353,0.7782019391766521
0.10849449897498586,0.10404026326544255,0.7874652377595717
0.17026506699834595,0.09045881291284626,0.7392761200888078
0.18939248212909476,0.07351247841355245,0.7370950394573528
0.026047489767330425,0.0196557287297544,0.9542967815029152
0.03170609052867291,0.019147901542867503,0.9491460079284596
0.13104668442111309,0.16509532427549947,0.7038579913033874
0.11435456654452476,0.15692168878104235,0.7287237446744329
0.12337457971844243,0.1582392832875648,0.7183861369939928
0.14004815223054098,0.14016249178372872,0.7197893559857304
0.02128936099950763,0.021118372969878202,0.9575922660306142
0.02813871004935365,0.0170405164357382,0.9548207735149081
0.02653136788931165,0.0153502305571003,0.9581184015535881
0.11477650199899612,0.1381635672565507,0.7470599307444531
0.0259961446974627,0.023633709495386776,0.9503701458071505
0.032172402459434625,0.014556778297756551,0.9532708192428088
0.03837319858773785,0.03489672831148525,0.9267300731007769
0.036189870182874576,0.034065225647990575,0.9297449041691348
0.03184171006383908,0.045712189135471606,0.9224461008006893
0.09856384120935989,0.14467795382544965,0.7567582049651905
0.10259689812735046,0.1441840319364921,0.7532190699361574
0.11224255818730178,0.13863843870627585,0.7491190031064223
0.1437936614655547,0.13174820208791457,0.7244581364465308
0.12811414178269187,0.14739689594362865,0.7244889622736794
0.12131469766001013,0.14773799827655948,0.7309473040634303
0.12133542491143812,0.13817836200820977,0.7404862130803521
0.11642067905237857,0.14240281544819477,0.7411765054994266
0.09780503148698394,0.1538566659180807,0.7483383025949354
0.15956641468773639,0.12958532632800895,0.7108482589842546
0.17028896884426814,0.12501397572298223,0.7046970554327496
0.11442545046396212,0.1478495882299742,0.7377249613060637
0.11086522256278197,0.1458045337162051,0.7433302437210129
0.10106723127452738,0.12920751093658983,0.7697252577888829
0.10724188205018491,0.13134515274762787,0.7614129652021873
0.10596013687834945,0.14749031718376143,0.7465495459378891
0.11576240469991955,0.12012760296103031,0.7641099923390502
0.10742674547852256,0.12327608417212305,0.7692971703493544
0.11066190127250933,0.14502088544499783,0.7443172132824928
0.0959440083979911,0.16124332850570475,0.7428126630963042
0.08733313282154478,0.15091886948351912,0.7617479976949362
0.10032159302081396,0.15129961628896227,0.7483787906902238
0.10239209845368852,0.15600781391752414,0.7416000876287874
0.09216840240097442,0.14120810130969455,0.7666234962893311
0.09418537736231365,0.1383950466143147,0.7674195760233716
0.09400303409685001,0.1319295526899633,0.7740674132131867
0.08897389981146826,0.09421525366952076,0.816810846519011
0.10913332322979992,0.1122089880244544,0.7786576887457457
0.13446534080260675,0.15449674456628368,0.7110379146311095
0.11315501079656093,0.1512281494995788,0.7356168397038603
0.03136229512842525,0.1412006316104939,0.8274370732610808
0.03138283504600788,0.15051499956884348,0.8181021653851487
0.08998942945778352,0.1354271875287721,0.7745833830134443
0.08167819204609274,0.12718217230349305,0.7911396356504142
0.17135298876767446,0.023874767516999185,0.8047722437153264
0.12103256934545899,0.16019078854458307,0.718776642109958
0.15557350187837796,0.02184833685909282,0.8225781612625293
0.126559976537678,0.12146579632233145,0.7519742271399905
0.09415093976014724,0.09502001777899444,0.8108290424608583
0.016909706680830677,0.01710369369848685,0.9659865996206825
0.02006083921588028,0.013978800045624852,0.9659603607384949
0.020265092895104874,0.011575700257679575,0.9681592068472156
0.017538839597253376,0.014535199466226325,0.9679259609365203
0.020727174851721673,0.006139181042091225,0.9731336441061871
0.0195320841722464,0.006101461263636825,0.9743664545641167
0.06990778235961852,0.006851185163333026,0.9232410324770485
0.06264003983936783,0.005986862801560601,0.9313730973590716
0.06739521905907081,0.005899882299121951,0.9267048986418073
0.0927956222590189,0.005995998577079102,0.9012083791639021
0.11047215217083067,0.013127998184734875,0.8763998496444344
0.19047474435274125,0.0238940582580678,0.785631197389191
0.19131925516154785,0.021923393966944173,0.786757350871508
0.19393258850156966,0.02671719078159146,0.7793502207168389
0.16785130789635486,0.023812124477106605,0.8083365676265386
0.18060008631885655,0.019697369134886976,0.7997025445462564
0.20191837081729247,0.024598661579588055,0.7734829676031195
0.1828172332517617,0.020272326147388532,0.7969104406008498
0.1765430282002898,0.023967991228857472,0.7994889805708527
0.18829742585085912,0.0637300909516908,0.74797248319745
0.16488454974092628,0.06471267157036703,0.7704027786887067
0.18224102530031028,0.07887256403274552,0.7388864106669442
0.15585956540631907,0.07162841168177621,0.7725120229119048
0.15392913708583406,0.060928354093206946,0.7851425088209589
0.15915853303410074,0.08230171648194742,0.7585397504839518
0.15782189502498112,0.07722849356438315,0.7649496114106357
0.14627454037323698,0.07734420536008733,0.7763812542666757
0.13852094966411443,0.0713092401220134,0.7901698102138721
0.1444992793594119,0.07155585074361635,0.7839448698969718
0.12370535164739699,0.06286703501864124,0.8134276133339617
0.150297227513167,0.04709511742359977,0.8026076550632333
0.1722994302787591,0.014858312759486625,0.8128422569617543
0.1759234161832622,0.016161676976090573,0.8079149068406472
0.17123750665381077,0.017107729488299403,0.8116547638578899
0.1725997427462202,0.0148980841025134,0.8125021731512664
0.16073484877384134,0.014074438854425452,0.8251907123717332
0.17992904387309586,0.020286485720316254,0.799784470406588
0.16643609954117544,0.019698091991394207,0.8138658084674304
0.16932989275526555,0.01960607045570953,0.811064036789025
0.12489645966851588,0.04367808374152966,0.8314254565899545
0.11745686123394236,0.04689090845323988,0.8356522303128178
0.12866598308103805,0.05538366925500217,0.8159503476639598
0.12914595814068947,0.045167212457062456,0.825686829402248
0.11936245385970279,0.0485509415419761,0.8320866045983211
0.14754932920667646,0.04934025884584323,0.8031104119474803
0.13402621404581277,0.05356816793310627,0.8124056180210809
0.10689769112814801,0.0569728955415983,0.8361294133302537
0.021279502864262598,0.1080263174480528,0.8706941796876846
0.025523936989117653,0.10627304547614319,0.8682030175347392
0.0216562098254154,0.12364047043159604,0.8547033197429885
0.020448249188337,0.13322317185741434,0.8463285789542486
0.019850694685053728,0.1303707357143163,0.84977856960063
0.020628415624848524,0.16578852254343696,0.8135830618317146
0.024928986361345225,0.14778294261196429,0.8272880710266904
0.021195884839644928,0.15384196984095364,0.8249621453194015
0.01889219699112345,0.1480788360618387,0.8330289669470379
0.09568082336213735,0.12625446332556006,0.7780647133123025
0.01789370621016745,0.13973608715521407,0.8423702066346185
0.08088104450968905,0.10920228420005942,0.8099166712902515
0.08508634192853623,0.09732794048519165,0.8175857175862721
0.07164135830028882,0.09804795820615299,0.8303106834935582
0.09416464558348592,0.09706493392259664,0.8087704204939175
0.06962121331465829,0.07763361007230873,0.852745176613033
0.10136230479819128,0.08744282491990174,0.811194870281907
0.08272847595639773,0.09331684684213262,0.8239546772014696
0.07968332631739349,0.07250088390599568,0.8478157897766109
0.07726363565709504,0.07014541400130307,0.8525909503416018
0.017535645322457077,0.02624537738873163,0.9562189772888113
0.020002428543904854,0.01819125299016058,0.9618063184659346
0.07895730781248045,0.11293882860112525,0.8081038635863943
0.012621944971655726,0.10961578339211031,0.877762271636234
0.01274630875817905,0.1275283358938017,0.8597253553480193
0.013208931221741224,0.1528919127409955,0.8338991560372633
0.018915564060597776,0.1835779796644911,0.7975064562749112
0.016990331750452076,0.1520562734375779,0.83095339481197
0.016963692990619953,0.15104863822156017,0.8319876687878199
0.0166486494720281,0.1563193166108873,0.8270320339170846
0.017538839597253376,0.1594076201947971,0.8230535402079495
0.0202718463840512,0.15943146807847539,0.8202966855374734
0.019689021306101027,0.1431601904951961,0.8371507881987029
0.012785301096066902,0.1379294421846116,0.8492852567193215
0.012780359486256224,0.11992877149177322,0.8672908690219705
0.015967672030613524,0.16061145577245184,0.8234208721969346
0.016162882166039828,0.13487950661517545,0.8489576112187848
0.01649519246577485,0.11964473407547997,0.8638600734587452
0.015973763049379204,0.10435581040369517,0.8796704265469256
0.06330309262170365,0.152568156383073,0.7841287509952233
0.09779070511321057,0.17521748292423847,0.7269918119625509
0.021468872439735675,0.20820251196634212,0.7703286155939222
0.024980298472704925,0.19763117022838425,0.7773885312989108
0.02248505052190145,0.2138334893793989,0.7636814600986996
0.020636349683215423,0.20128390724275708,0.7780797430740275
0.08543741012204974,0.1844723022776995,0.7300902876002507
0.020037019557770226,0.19046426395267252,0.7894987164895573
0.10243342074085891,0.1556373275255872,0.741929251733554
0.0982619198800438,0.15714531561553266,0.7445927645044236
0.07698620369261622,0.20150518178944446,0.7215086145179394
0.06352299367300931,0.19194016739036637,0.7445368389366244
0.06553994606193803,0.19038724639947274,0.7440728075385892
0.0955869260198956,0.18392427571218273,0.7204887982679217
0.06976811415036649,0.18799933645060096,0.7422325493990325
0.08457171317537171,0.19733613705739078,0.7180921497672376
0.07322752418336222,0.19332828956037643,0.7334441862562614
0.07144517760732776,0.1958803490318947,0.7326744733607775
0.08052623675845459,0.21782665188518816,0.7016471113563573
0.19918234352668557,0.037556577179071265,0.7632610792942431
0.1292232590242998,0.19556437077445266,0.6752123702012476
0.19933879795453263,0.03375955792649348,0.766901644118974
0.20417414403020076,0.03365215049805993,0.7621737054717393
0.2116722918356067,0.03322371199599238,0.7551039961684008
0.14879883478079128,0.1869344580317331,0.6642667071874756
0.1338354665917044,0.1606061573722893,0.7055583760360064
0.20422443251292835,0.02903964234132395,0.7667359251457477
0.20032349445202496,0.03374409714490832,0.7659324084030668
0.17757820415754177,0.030711512084164228,0.791710283758294
0.13054548656579584,0.1462742265717552,0.723180286862449
0.1779558329527164,0.029118021932942877,0.7929261451143407
0.029060452010828276,0.0267214669081772,0.9442180810809945
0.12298259607827212,0.14995132714641676,0.7270660767753111
0.028775806009580775,0.026145114273999327,0.9450790797164199
0.02951273365570863,0.030526416597190163,0.9399608497471013
0.028908623279290474,0.028211394840424623,0.9428799818802849
0.019605550338917126,0.030743178501040115,0.9496512711600428
0.016782937840341124,0.016344369309584,0.9668726928500748
0.01864322735403615,0.017200680230518774,0.9641560924154451
0.019341764316197954,0.024673464844308553,0.9559847708394935
0.1378192891629607,0.019779210673577963,0.8424015001634614
0.16098593548802131,0.02820826197044433,0.8108058025415343
0.15624888427485972,0.02994039847074643,0.8138107172543938
0.12793354308661553,0.10383697359619637,0.7682294833171881
0.12511023866716406,0.11178065528705215,0.7631091060457839
0.10412590874443754,0.11455352808190912,0.7813205631736534
0.1015557295766034,0.13633215027175777,0.7621121201516388
0.10062016271997064,0.09252961121314356,0.8068502260668858
0.12693984424218918,0.03755866557739492,0.8355014901804159
0.13926930257390605,0.03274548210400462,0.8279852153220894
0.14362288709802304,0.10140436928708214,0.7549727436148949
0.11437577395190583,0.10085182880620756,0.7847723972418866
0.11892059736927046,0.102174371671714,0.7789050309590155
0.13962522406913155,0.12698579250020411,0.7333889834306643
0.13261670872895656,0.11422027774407821,0.7531630135269652
0.09513348044022849,0.12096555959042217,0.7839009599693493
0.08015895722341475,0.12606154195057334,0.793779500826012
0.09511074061230866,0.12109516186888408,0.7837940975188074
0.08914059295886557,0.12387726175384312,0.7869821452872913
