feature,n,spearman,p,mi,q_bh
atm_ce_oi_chg_pct,2042,0.008709348217403755,0.6940766460027843,0.0,0.7571745229121283
atm_pe_oi_chg_pct,2042,-0.014714273303885504,0.5063417579155158,0.012925056000854251,0.7040259315258336
net_oi_change,2050,0.0034028666558641053,0.8776272286742158,0.012410995244098721,0.8776272286742158
oi_momentum_3,2048,0.012019795330511689,0.586688276271528,0.0023650752325812263,0.7040259315258336
oi_acceleration,2049,0.014031063773046424,0.5255770363451001,0.0,0.7040259315258336
ce_pe_oi_ratio,2043,0.014525919756476189,0.5116967776993215,0.0,0.7040259315258336
pcr,2051,-0.012267952113832793,0.5787080762809549,0.028437343232114998,0.7040259315258336
oi_zscore,2042,0.020544116834701736,0.3534660975874252,0.005360191399873315,0.7040259315258336
oi_rolling_vol,2046,0.05827567034015491,0.00837420868222291,0.01873116552214782,0.1004905041866749
oi_price_divergence,2051,0.026673478800366714,0.2272527161543007,0.0,0.7040259315258336
oi_breakout,2042,0.020493516082400007,0.3546532270693058,0.009928783960083898,0.7040259315258336
oi_trend_persistence,2048,-0.022587384527490154,0.3069254643992398,0.010142059292343575,0.7040259315258336
