ts,gex,spot_minus_zg,long_net,short_net,straddle_cost
2024-10-15 09:45:59,72602270597.89223,0.0024860190008437,773.9054041349978,-1156.5945958649977,13604.5
2024-10-15 10:00:59,97990777759.12717,0.0031793808885586,-18.546715024999997,-376.046715025,14966.25
2024-10-15 10:15:59,149717835892.332,0.0032692671050863,-751.6201875199997,366.37981247999966,14436.5
2024-10-15 10:30:59,153525057110.8784,0.0035832653124603,-1571.0757182450004,1178.4242817550005,15145.0
2024-10-15 10:45:59,184120289303.3448,0.0036562562518876,-29.660512265000733,-348.1605122649993,13747.5
2024-10-15 11:00:59,146868196917.64993,0.0033091194463437,-253.74941009000003,-123.74941009000003,13770.25
2024-10-15 11:15:59,147064482636.421,0.0032485439035683,-211.31397282500149,-165.81397282499853,13734.5
2024-10-15 11:30:59,152652839166.6884,0.0032756990860838,-645.9974904049989,270.5025095949989,13705.25
2024-10-15 11:45:59,170155620239.79083,0.0032368398601924,-639.5512619149993,263.94873808499926,13711.75
2024-10-15 12:00:59,204994057332.25128,0.0031290821454201,57.92970200499818,-429.5702979949981,13279.5
2024-10-15 12:15:59,173028891940.2814,0.0032650912962296,-298.93099062500005,-71.43099062500002,13260.0
2024-10-15 12:30:59,197544017644.90112,0.003146546714675,-22.871050819999994,-347.87105082,13230.75
2024-10-15 12:45:59,208414075300.70956,0.0032028773585607,697.0290868899997,-1070.9709131099996,13315.25
2024-10-15 13:00:59,160664817443.83554,0.0035236731468685,-514.0415254850008,142.45847451500072,13393.25
2024-10-15 13:15:59,175554899805.4033,0.0037466535847281,-966.42318086,593.57681914,13578.5
2024-10-15 13:30:59,208211890293.80743,0.0034907190096178,-239.17633995500148,-128.67633995499853,13065.0
2024-10-15 13:45:59,215953773094.6565,0.0033429072607964,-334.7107044649996,-29.21070446500036,12798.5
2024-10-15 14:00:59,194723837031.81616,0.0032720231980281,-712.6263871549986,346.8736128449985,13009.749999999998
2024-10-15 14:15:59,225160157791.5548,0.0031345293001405,-259.01879993000114,-103.01879992999889,12645.75
2024-10-15 14:30:59,203122746032.48,0.003214285539319,-212.44637194999999,-147.44637194999999,12480.0
2024-10-16 09:45:59,149180323211.2503,0.0023987938150065,-496.5528839899982,153.44711600999818,11202.75
2024-10-16 10:00:59,94105774770.47156,0.0022997295008823,-603.2343375050003,261.26566249500036,10864.75
2024-10-16 10:15:59,126591291962.12976,0.0022212737604349,-559.37436882,220.62563118000003,10744.5
2024-10-16 10:30:59,81844254456.51447,0.0023222579630332,-328.90253645,-3.9025364500000137,10432.5
2024-10-16 10:45:59,101078784920.48944,0.002427636598145,405.9729454100003,-751.0270545900004,10523.5
2024-10-16 11:00:59,135538823359.88995,0.0026902142605685,651.2182342700012,-999.7817657300011,10536.5
2024-10-16 11:15:59,82756814607.10706,0.0027565409159382,383.5938067450007,-727.9061932550007,11102.0
2024-10-16 11:30:59,140186690994.267,0.0027995728207795,-276.6985013850003,-62.19850138499962,10910.25
2024-10-16 11:45:59,129594772800.05516,0.0034773319136022,-370.22991351500076,26.270086485000718,11082.5
2024-10-16 12:00:59,211555643364.46933,0.0034017376033153,-578.3217563699989,240.67824362999886,10803.0
2024-10-16 12:15:59,243477818595.84583,0.0029982943701008,-374.5428059949985,34.95719400499854,10741.25
2024-10-16 12:30:59,193510071934.5157,0.0033005495111914,-245.4570586200011,-89.45705861999889,10393.5
2024-10-16 12:45:59,210268289921.12247,0.0032363668407975,-545.4374642800008,208.5625357200007,10536.500000000002
2024-10-16 13:00:59,248126934553.17737,0.0029253626797351,-636.7872302549999,305.712769745,10315.5
2024-10-16 13:15:59,254244042944.7628,0.0029269920343523,-312.0094154000011,-26.009415399998915,10211.5
2024-10-16 13:30:59,208568584910.2884,0.0028002349627502,-259.0546239649993,-70.55462396500076,9844.25
2024-10-16 13:45:59,236129678354.38647,0.0026365500125464,-434.11486477499886,92.38513522499886,10068.499999999998
2024-10-16 14:00:59,284934906908.91693,0.0023739957262081,584.1278652099996,-923.8721347899997,9818.25
2024-10-16 14:15:59,192319779890.5515,0.0028221305496184,-748.6364851750011,414.8635148250011,9805.25
2024-10-16 14:30:59,187176079250.25305,0.0026242365862283,-884.8445132350007,551.6554867650007,9769.5
2024-10-17 09:45:59,135254089245.2495,0.0020376958772624,-1519.6383474550012,1203.861652545001,7218.250000000001
2024-10-17 10:00:59,308270680212.9672,0.0019731392499345,-1621.2626345049998,1310.2373654949997,6019.0
2024-10-17 10:15:59,356856509963.199,0.00199613708875,-355.2531241549989,41.246875844998925,5856.5
2024-10-17 10:30:59,453422099287.60895,0.0012624706499685,-469.66575742500055,160.8342425750006,4553.25
2024-10-17 10:45:59,469995771721.0992,0.0012785788683233,448.9285026000007,-760.0714974000007,4475.25
2024-10-17 11:00:59,216773481270.2372,0.0010797105242726,-937.1669922750007,629.3330077250007,4641.0
2024-10-17 11:15:59,212305092546.00647,0.0008883364054302,-689.6465822549991,382.8534177449991,4172.999999999999
2024-10-17 11:30:59,59439722449.28493,0.0004860528175443,-705.2877538399996,399.71224615999955,3857.7499999999995
2024-10-17 11:45:59,165693556900.9531,0.0006003401855588,-597.7787270850006,292.72127291500055,3636.75
2024-10-17 12:00:59,138121280873.39825,0.0006007615084055,-590.671872915,286.828127085,3305.25
2024-10-17 12:15:59,445150258163.89984,0.0003771200369171,-239.95686164499963,-64.45686164500037,3191.4999999999995
2024-10-17 12:30:59,638474384676.2336,0.0003523084746929,-158.21779677000006,-145.2177967699999,2866.5
2024-10-17 12:45:59,390831406275.1589,0.0002874951945817,-171.64030833999982,-132.64030834000016,3103.75
2024-10-17 13:00:59,1160846432921.1096,0.0002706883997896,805.679245325,-1111.820754675,2860.0
2024-10-17 13:15:59,406828738837.397,0.0004112480328294,-774.6391918400002,473.3608081600001,2756.0
2024-10-17 13:30:59,294853448746.7435,0.0004331414160001,-514.1190471499999,213.8809528499999,2278.25
2024-10-17 13:45:59,244730059970.3527,0.0005654407746636,-737.7801321349998,438.71986786499974,2132.0
2024-10-17 14:00:59,-34522865026.48415,0.0006638069121133,-779.56572514,481.43427486,1914.25
2024-10-17 14:15:59,-145356000820.22705,0.0004546302052068,-908.6933593599999,612.3066406400001,1543.75
2024-10-17 14:30:59,-34561906548.59084,0.0005141377587826,-982.854475805,687.645524195,1283.75
2024-10-18 09:45:59,25932033979.420666,0.0030643299529896,-1325.2761225799954,845.7238774199955,21420.749999999996
2024-10-18 10:00:59,3231986397.4092817,0.0029273756261586,270.71364272500153,-749.7863572750014,21056.75
2024-10-18 10:15:59,12597964127.456291,0.002533967995825,1469.0032464700046,-1949.9967535300045,20949.499999999996
2024-10-18 10:30:59,33748179677.684544,0.002833450524683,280.9580030199985,-746.0419969799985,20036.25
2024-10-18 10:45:59,21050786550.22237,0.0022697886427187,-830.5838800549985,358.9161199449985,20744.75
2024-10-18 11:00:59,7202376937.8415575,0.0023764894220262,-934.0444791799994,456.95552081999926,21160.75
2024-10-18 11:15:59,8869150506.203964,0.0024930251776161,415.91869934500073,-890.5813006550006,20705.75
2024-10-18 11:30:59,24849786691.021244,0.0025591890885025,-136.16111478500073,-324.66111478499926,19812.0
2024-10-18 11:45:59,20246431146.55286,0.001866463259249,-639.4305062149999,173.06949378500002,20319.0
2024-10-18 12:00:59,30797569293.611176,0.002221027720021,536.6717083450001,-990.8282916549999,19188.0
2024-10-18 12:15:59,24542716404.665382,0.0021806825272217,731.551970935,-1185.948029065,19165.25
2024-10-18 12:30:59,33525334052.755005,0.0018915414364654,109.25913704499851,-560.2408629549985,19045.0
2024-10-18 12:45:59,29835883437.917458,0.0017739517917082,-327.31900248500074,-125.81900248499926,19292.0
2024-10-18 13:00:59,22720082794.17775,0.0020625974384519,-321.43001574499925,-132.93001574500073,19379.75
2024-10-18 13:15:59,29782044896.525173,0.0019134387091535,552.8764382500001,-1007.1235617499999,19191.25
2024-10-18 13:30:59,32632187252.107243,0.0016908006811449,159.53616410499927,-613.9638358949992,19285.5
2024-10-18 13:45:59,26217721779.03062,0.0014918222104908,-906.4140364699986,445.5859635299985,19971.25
2024-10-18 14:00:59,21323122460.14833,0.0014301444330354,-930.3266181499971,473.67338184999704,19672.25
2024-10-18 14:15:59,39588866604.82857,0.0026053414488075,-1164.08937257,720.91062743,18739.5
2024-10-18 14:30:59,39723997326.10741,0.0026844209553698,-1070.2535368399977,632.7464631599978,18307.25
2024-10-21 09:45:59,21783259871.16231,0.003357542874273,344.5954303150023,-779.9045696850022,17855.5
2024-10-21 10:00:59,134238188133.7091,0.003810447011609,-1398.0750236899994,967.9249763099994,17839.25
2024-10-21 10:15:59,60955104271.95177,0.0038246951987243,-874.5976496600011,451.40235034000114,17225.0
2024-10-21 10:30:59,66582178653.67173,0.0039412745982769,-718.1629734050015,302.3370265950015,16656.25
2024-10-21 10:45:59,88442167006.1858,0.0035655359821534,-571.4733967999996,156.52660319999967,16562.0
2024-10-21 11:00:59,114326495755.6999,0.0037234408418516,129.23068136500035,-540.2693186350003,16133.0
2024-10-21 11:15:59,93097016166.2842,0.0037515202472598,453.32527946500227,-866.1747205350023,16198.0
2024-10-21 11:30:59,59754635782.890816,0.0038379878770443,466.7972678650033,-878.7027321350033,16126.5
2024-10-21 11:45:59,83197496172.83104,0.0038763066075201,206.62111467999853,-625.3788853199985,16679.0
2024-10-21 12:00:59,78491012438.24054,0.0042475256017489,-534.1556957300037,115.84430427000368,16799.250000000004
2024-10-21 12:15:59,95750555130.99216,0.0042828586194479,-964.5773724799997,543.4226275199997,17095.0
2024-10-21 12:30:59,126645937216.00111,0.0041399696865724,149.60809342,-565.3919065800001,16474.25
2024-10-21 12:45:59,108082982019.71616,0.0044684321951546,-498.5588131100018,86.44118689000186,16341.0
2024-10-21 13:00:59,107759097049.4723,0.0043577238422374,-1323.0117437749986,906.4882562249986,16831.75
2024-10-21 13:15:59,191496579589.4416,0.0038030647140155,-827.280774664999,414.21922533499884,16477.5
2024-10-21 13:30:59,112659585089.0316,0.0040157930666586,1430.2453251250022,-1839.2546748750024,15717.0
2024-10-21 13:45:59,134413910354.27304,0.0041623758107802,-248.58695474000112,-157.5869547399989,15856.750000000002
2024-10-21 14:00:59,147047786722.8074,0.0041155609912473,-483.6602858299988,75.3397141699989,16061.5
2024-10-21 14:15:59,114933934416.18268,0.0037776829453054,-508.46445430999927,102.53554568999925,15892.5
2024-10-21 14:30:59,134288366041.97078,0.0037618159136174,-533.6698368500015,129.33016315000148,15782.0
2024-10-22 09:45:59,107599017194.93272,0.0038031086259972,338.2648844050004,-721.2351155950003,14046.5
2024-10-22 10:00:59,91830004797.78488,0.0033219382968983,4458.666233170002,-4849.333766830002,13757.249999999998
2024-10-22 10:15:59,29012277908.80369,0.0031636310558002,1132.711265575001,-1525.7887344250012,14618.5
2024-10-22 10:30:59,56094459406.47313,0.0035336176490262,-860.1182520650023,459.38174793500224,15587.0
2024-10-22 10:45:59,88102006068.21861,0.0037319887713529,-1148.1879499550007,743.3120500450007,15947.750000000002
2024-10-22 11:00:59,94607389518.14722,0.0038201170009093,-92.92352902999852,-300.9235290300015,14927.249999999998
2024-10-22 11:15:59,73514737461.20334,0.0036756814413308,656.2521129249985,-1053.2478870749985,15002.0
2024-10-22 11:30:59,74823467876.39616,0.0035163289289117,-229.94376290000002,-164.94376290000002,15031.25
2024-10-22 11:45:59,44425550305.47463,0.0044013166663817,-996.0551800099993,589.9448199899994,16006.25
2024-10-22 12:00:59,72271494367.40225,0.004271632621722,-138.03372669499888,-261.53372669500106,15353.0
2024-10-22 12:15:59,62894556509.13564,0.0040068696442509,15.458713119998919,-413.5412868799989,15213.25
2024-10-22 12:30:59,57896319075.03221,0.0037014095324659,-336.42686923999963,-63.4268692400004,15414.75
2024-10-22 12:45:59,37955790904.38567,0.0036748048598359,-718.8138876950011,314.68611230500113,15804.75
2024-10-22 13:00:59,57877214403.02371,0.0037964675905837,-287.52291381499964,-112.02291381500038,15382.25
2024-10-22 13:15:59,52361458391.73272,0.0041596285595747,-543.2634226699988,145.73657732999885,15288.0
2024-10-22 13:30:59,80719951039.94962,0.0040804915380643,-874.3392013400023,477.6607986600023,15294.5
2024-10-22 13:45:59,91598811019.24448,0.0038057369829763,-764.833587785,372.666412215,14943.5
2024-10-22 14:00:59,77107435682.71838,0.0042321499742943,-22.65252816499782,-367.15252816500225,14618.499999999998
2024-10-22 14:15:59,78904970384.31659,0.0041797895924381,170.49802806999963,-557.5019719299996,14374.75
2024-10-22 14:30:59,56764613046.03671,0.0035549626443609,-271.0195302950003,-121.51953029499961,14868.75
2024-10-23 09:45:59,54467025302.23402,0.0023317234239006,-1090.1050245350023,684.3949754650023,15996.500000000002
2024-10-23 10:00:59,45837173790.59384,0.0022262339858834,-1083.2398061749986,691.2601938249985,14995.5
2024-10-23 10:15:59,52023379708.00468,0.0022198536519736,-749.5561361150008,361.94386388500067,14608.75
2024-10-23 10:30:59,16111379402.660225,0.0019479887406179,-313.4015003149978,-72.90150031500224,14423.499999999998
2024-10-23 10:45:59,19857185957.39509,0.0016897584140744,-551.0203676450008,170.47963235500075,14053.0
2024-10-23 11:00:59,78647730526.8971,0.0016770448677486,-425.14510858999927,55.854891409999254,13208.0
2024-10-23 11:15:59,8056443394.259098,0.0012641510541353,-146.1161288149978,-230.61612881500224,13692.249999999998
2024-10-23 11:30:59,48974645060.99788,0.0016708634505192,-193.07199504499854,-173.5719950450015,12967.5
2024-10-23 11:45:59,37719255674.40017,0.0017283543900106,299.80589630499924,-668.6941036949993,13029.25
2024-10-23 12:00:59,40097725492.54131,0.0015859392601544,-585.6989997500011,220.30100025000115,12957.750000000002
2024-10-23 12:15:59,-24351505500.3256,0.0011794170332163,-1388.8294643150007,1022.6705356850007,13178.75
2024-10-23 12:30:59,38962537007.77066,0.0015449389488848,-897.2043083450008,539.2956916550006,12476.75
2024-10-23 12:45:59,66979456551.67955,0.0016242680182327,-708.7613863399993,357.2386136599993,11973.0
2024-10-23 13:00:59,35308423218.13807,0.0017038517667953,-837.4151747199993,488.58482527999934,11758.499999999998
2024-10-23 13:15:59,14705386717.863836,0.0012046067879406,-844.6582488049996,500.8417511949997,11440.0
2024-10-23 13:30:59,26406064168.163387,0.0012437743928552,-670.2891362899993,330.7108637099993,11095.5
2024-10-23 13:45:59,22919287178.71407,0.0013688178121967,402.9454123299989,-741.0545876699989,10767.25
2024-10-23 14:00:59,5306046429.35354,0.0012216830045492,188.2471743549989,-533.2528256449989,10929.75
2024-10-23 14:15:59,-57863473034.09668,0.0011179175835932,-775.181604425,427.31839557499995,11521.25
2024-10-23 14:30:59,2238477886.120118,0.0014898926032215,-930.3895325599993,590.6104674399993,11163.75
2024-10-24 09:45:59,175207709304.02335,0.0014333062208848,347.50772690999986,-666.4922730899998,6659.25
2024-10-24 10:00:59,563011335975.3538,0.0009180105364666,-1386.3976979650001,1077.1023020350003,5375.5
2024-10-24 10:15:59,241243304505.3182,0.0004757487096015,-1337.3723780499997,1028.6276219499998,5190.25
2024-10-24 10:30:59,376296207986.1818,0.0004592881210523,-492.14803769999924,183.85196229999926,4426.5
2024-10-24 10:45:59,205113449386.4473,0.0004793894761056,-1432.6085316600002,1128.3914683400003,4046.25
2024-10-24 11:00:59,-9711784556.772867,0.0004178779663041,-1099.9768197800001,798.0231802200001,3185.0
2024-10-24 11:15:59,-97827226298.06503,0.0004696416682588,-547.4790367999997,245.52096319999964,2765.75
2024-10-24 11:30:59,100155051803.07132,0.000458436187038,-205.72715951500007,-95.2271595149999,2236.0
2024-10-24 11:45:59,420659043253.2093,0.0007440139382508,-575.9508322950003,275.5491677050003,2369.25
2024-10-24 12:00:59,259029108715.3096,0.0006799787755578,-556.1281079449998,256.37189205499976,2180.75
2024-10-24 12:15:59,23481539999.43761,0.0005200774590581,-299.30030274999984,-0.3003027500001849,1943.5
2024-10-24 12:30:59,50420563616.23386,0.000624975173363,-230.832757695,-68.332757695,1774.5
2024-10-24 12:45:59,198513963014.25345,0.000642620491626,-315.249497505,16.250502495000063,1794.0
2024-10-24 13:00:59,152381033607.08838,0.0006344548915814,-292.34444032999994,-6.3444403300000545,1693.25
2024-10-24 13:15:59,23817360104.436024,0.0005218115960839,-357.1317252299999,58.86827476999997,1628.25
2024-10-24 13:30:59,-273893627033.26645,0.0003461036656033,-532.2385845599999,234.7614154399999,1550.25
2024-10-24 13:45:59,-236111705632.9707,0.0003180896572028,-525.5061899300003,228.49381007000028,1420.25
2024-10-24 14:00:59,-502328971422.2375,3.700600348866091e-05,-184.26768459500028,-112.76768459499971,1166.7500000000002
2024-10-24 14:15:59,-789175738593.9243,0.0002434865530603,-424.19806684499974,128.30193315499977,1043.2499999999998
2024-10-24 14:30:59,162521518181.93762,0.0001022491915357,-894.9447056099999,600.0552943899999,1131.0
2024-10-25 09:45:59,-24128279126.20678,0.0001358015426225,-618.758814589997,135.24118540999706,21563.75
2024-10-25 10:00:59,-20895494464.979084,0.0007410689676931,-1167.677869625,684.8221303749999,21628.75
2024-10-25 10:15:59,-17585916985.508778,0.0011290958277141,74.29539290500148,-556.2046070950015,21303.75
2024-10-25 10:30:59,-20708596969.17236,0.00070590926207,790.9813042749977,-1269.5186957249978,20910.500000000004
2024-10-25 10:45:59,-24084833917.104904,0.0007346859095968,-24.99252407000148,-466.9925240699985,22057.75
2024-10-25 11:00:59,-18106408202.21364,0.0007581538048662,-428.893727749997,-64.89372775000294,22272.25
2024-10-25 11:15:59,1833838005.5817995,0.0016120001860322,-799.507286584997,311.99271341499707,21891.999999999996
2024-10-25 11:30:59,-17271399226.849453,0.0017310221576534,-748.9404938150001,258.559506185,22090.25
2024-10-25 11:45:59,-8017057290.176476,0.0017528430005732,-333.3192977600022,-151.31929775999777,21586.5
2024-10-25 12:00:59,-3817406722.6655006,0.0018150193458154,-2.28809843000073,-483.28809842999925,21586.5
2024-10-25 12:15:59,-9705539679.787737,0.0020022343876256,-121.74393252499854,-362.24393252500147,21495.5
2024-10-25 12:30:59,241130078.3036556,0.0024536022274962,-734.1534148850008,247.34658511500072,21827.0
2024-10-25 12:45:59,-8786880628.08044,0.001012541458258,-611.3630181949985,123.13698180499853,21905.0
2024-10-25 13:00:59,-6179984179.542986,0.000926031917853,-148.57646097499708,-337.076460975003,21622.25
2024-10-25 13:15:59,-6303885538.029557,0.0010521642010038,-274.56768224,-209.56768224,21537.75
2024-10-25 13:30:59,-4546586462.691722,0.0013381495529394,-1018.991110625003,534.5088893750029,21716.5
2024-10-25 13:45:59,-2130814086.717371,0.0010962317927336,-780.6277962800044,298.37220372000445,21505.25
2024-10-25 14:00:59,-2962657474.742793,0.0013918516504197,-169.85886159499927,-306.35886159500075,20939.75
2024-10-25 14:15:59,-1925437187.7521367,0.0015696283496837,-679.565593609997,204.4344063899971,20965.749999999996
2024-10-25 14:30:59,-1490390005.2366686,0.0016312280769065,-339.08794824500075,-137.58794824499927,21008.0
2024-10-28 09:45:59,7776227894.743061,0.0017712773408416,165.53659919500072,-620.9634008050008,19357.0
2024-10-28 10:00:59,30957030110.9795,0.0018618315078798,559.1933027649993,-994.3066972349993,17797.0
2024-10-28 10:15:59,111368438189.74716,0.0022011629259703,150.78055802499705,-570.719441974997,16776.5
2024-10-28 10:30:59,51579389828.03188,0.0023970585334864,-445.82992234999926,35.17007764999926,16224.0
2024-10-28 10:45:59,58143779217.73127,0.0022111725361918,-383.922061595,-26.422061595000002,16188.25
2024-10-28 11:00:59,7991474856.960098,0.001338823328238,-281.91029102000107,-125.91029101999888,15983.5
2024-10-28 11:15:59,40444585151.014046,0.001545971824798,-145.09066418000145,-262.0906641799985,15908.75
2024-10-28 11:30:59,37397486102.09163,0.0015442241615051,-404.7006877099978,-1.700687710002228,15905.5
2024-10-28 11:45:59,53547286739.74492,0.0019494965099669,-195.92493299000222,-208.92493298999779,15749.5
2024-10-28 12:00:59,32848162039.12277,0.0014346901261708,317.1609409599982,-722.8390590399981,15704.000000000002
2024-10-28 12:15:59,51410426117.62244,0.001671012527014,-377.71213156999926,-26.712131570000736,15755.999999999998
2024-10-28 12:30:59,48447807202.9609,0.0013458188860841,237.16261625499817,-640.3373837449982,15538.25
2024-10-28 12:45:59,-14043752244.055578,0.0005869920418218,-353.79066198499777,-48.2906619850022,15580.5
2024-10-28 13:00:59,-10800774858.330704,0.0005454773470178,-416.87987525000074,12.120124750000741,15788.5
2024-10-28 13:15:59,6092382283.719051,0.000928235513167,-560.4488980550027,161.05110194500259,15427.750000000002
2024-10-28 13:30:59,6420077609.127189,0.0008719456308336,-601.8367208300011,204.16327917000115,15310.75
2024-10-28 13:45:59,7139049409.891798,0.000928533578576,370.21077500500184,-767.2892249950019,15066.999999999998
2024-10-28 14:00:59,-35792877002.03495,0.0004782237517876,-468.20451680000144,64.79548320000148,15700.75
2024-10-28 14:15:59,-31244163741.15865,0.0001584621711454,-412.631436185,9.868563815000016,15642.25
2024-10-28 14:30:59,1775437731.2563014,0.000851317740011,-438.42975190999925,42.57024808999927,15145.0
2024-10-29 09:45:59,9528421617.997766,0.0024503986534872,-88.79091235999925,-322.79091236000073,16217.5
2024-10-29 10:00:59,37741106027.67391,0.0025095240096306,-893.8294006399997,484.17059935999964,16243.5
2024-10-29 10:15:59,53380206253.1954,0.0029029339093558,-358.9618654250015,-53.461865424998535,16334.5
2024-10-29 10:30:59,33106985465.257484,0.0030643660954952,-324.40370939000223,-77.4037093899978,15554.5
2024-10-29 10:45:59,23389506023.089462,0.0025263950946648,-485.8223838199989,73.17761617999886,16376.75
2024-10-29 11:00:59,52663712432.12368,0.0032012767203526,-291.1026627799985,-109.10266278000148,15430.999999999998
2024-10-29 11:15:59,55822723733.29497,0.0032133278790882,-34.84949151499927,-366.34949151500075,15450.5
2024-10-29 11:30:59,51531426661.893074,0.0030625964851148,-95.75431712000037,-303.75431711999966,15340.0
2024-10-29 11:45:59,71554183058.65767,0.0026696023124354,-87.56949437000077,-308.5694943699993,15093.0
2024-10-29 12:00:59,104277890300.26517,0.0023880075234978,-672.1122355549996,283.3877644449997,14673.75
2024-10-29 12:15:59,93875018897.18571,0.0022309699032765,-216.59662461499963,-171.09662461500037,14504.75
2024-10-29 12:30:59,61156032308.96173,0.0019402960412265,113.30668944999925,-497.6933105499993,14196.0
2024-10-29 12:45:59,68431288907.22756,0.0019434358118121,-216.44059692500144,-170.9405969249985,14482.0
2024-10-29 13:00:59,88135088053.38916,0.002002339210602,-167.41630524500036,-212.91630524499962,13958.75
2024-10-29 13:15:59,47221703869.085495,0.0015692732954053,-806.9480817649993,421.55191823499933,14459.25
2024-10-29 13:30:59,39553906931.62789,0.001760862603485,-288.74447162,-93.74447161999998,14140.75
2024-10-29 13:45:59,28139143440.635067,0.0015927263283475,1475.5382141950004,-1858.9617858050005,13845.0
2024-10-29 14:00:59,122302619737.69617,0.0020350354970281,-71.04833503999924,-305.0483350400007,13630.5
2024-10-29 14:15:59,72447300428.19804,0.0016856960593203,-570.13178237,209.86821763,12580.75
2024-10-29 14:30:59,20351746118.56761,0.0011030964506383,-354.1385486150004,-9.63854861499965,12792.0
2024-10-30 09:45:59,-4528224511.676346,0.000473612990552,-327.02050733999965,-54.020507340000364,13562.25
2024-10-30 10:00:59,37331549821.93241,0.0013674270155971,-131.70360023000075,-222.70360022999927,12064.000000000002
2024-10-30 10:15:59,57896925963.75053,0.0015043539486418,-681.1393253800011,319.86067462000113,12483.25
2024-10-30 10:30:59,50460276995.62255,0.0014644204296954,-365.6847374900004,11.315262510000366,12109.5
2024-10-30 10:45:59,79847090951.00702,0.0016621764983988,-160.436243715,-192.936243715,11982.75
2024-10-30 11:00:59,70214036711.46733,0.0015999421746585,-397.41661929500117,51.083380705001076,11531.0
2024-10-30 11:15:59,83770069519.94565,0.0015549399049041,-540.1698122150023,194.3301877850022,11524.5
2024-10-30 11:30:59,72173627489.9581,0.0013773935258917,-350.44297725499996,7.057022745000012,11306.75
2024-10-30 11:45:59,80982870357.38222,0.0014608640439863,-468.34844337499885,123.15155662499888,11157.249999999998
2024-10-30 12:00:59,59649305128.41901,0.0016599330198666,-596.9564929449989,254.54350705499886,11128.0
2024-10-30 12:15:59,81466469874.07744,0.0015271560640459,-418.9994285949996,81.50057140499965,10861.5
2024-10-30 12:30:59,67149056200.026695,0.0014652756836689,-243.20792335500036,-93.70792335499962,10702.25
2024-10-30 12:45:59,76428590021.15717,0.0014539255066685,-294.54737131999855,-47.5473713200015,10611.25
2024-10-30 13:00:59,125694151930.395,0.0015704701070082,-0.12331340499963517,-344.6233134050004,10627.5
2024-10-30 13:15:59,2413338254.7688856,0.0012934687435091,-8.939314819999993,-333.93931482,10630.75
2024-10-30 13:30:59,96605443954.98885,0.0019739732045755,-203.89996934500073,-132.39996934499925,10673.0
2024-10-30 13:45:59,53270741914.64172,0.0017460737406877,-430.76702157500296,82.73297842500295,11007.750000000002
2024-10-30 14:00:59,54471296420.87657,0.0018698296235744,-498.70107542499886,157.79892457499886,10734.749999999998
2024-10-30 14:15:59,40480683805.069,0.0017522572584679,-950.1024179599982,609.8975820399982,10750.999999999998
2024-10-30 14:30:59,98589274305.5444,0.0019334787040058,-938.9947511949997,601.5052488049996,10406.5
2024-10-31 09:45:59,213940479286.1443,0.0008907374333651,-955.3629442699989,643.6370557299988,5700.499999999999
2024-10-31 10:00:59,166641334399.16943,0.0007730596510385,-506.11411957000035,195.88588043000033,4956.25
2024-10-31 10:15:59,13131859705.784624,0.0008586116116039,-1509.5237376250004,1200.9762623750005,5268.250000000001
2024-10-31 10:30:59,159157363917.49512,0.0007683357483483,-796.69659409,490.30340590999987,4147.0
2024-10-31 10:45:59,11796243564.976685,0.0008925692395497,-909.8508748750003,604.6491251250004,3913.0
2024-10-31 11:00:59,602982236641.9065,0.00099318504089,-818.2185668349996,514.2814331649995,3503.5
2024-10-31 11:15:59,238664068156.92676,0.0006753177834088,-178.2277508899994,-126.22775089000054,3155.75
2024-10-31 11:30:59,292602785782.51,0.0005270064982867,179.35856741999964,-483.6414325799997,2837.2500000000005
2024-10-31 11:45:59,430813418014.58527,0.0004458909377374,-58.09948867500026,-246.5994886749997,3129.7500000000005
2024-10-31 12:00:59,418939067607.7343,0.000383231615075,191.72413673999984,-497.2758632599998,3168.75
2024-10-31 12:15:59,312005958013.2542,0.0005002190176182,996.4816332699997,-1304.5183667299998,3224.0
2024-10-31 12:30:59,469104350779.8621,0.0005686548186056,-479.86308521499984,176.63691478499985,3055.0
2024-10-31 12:45:59,85272252125.23714,0.0008906015949086,-628.9040388350002,326.5959611650001,2921.75
2024-10-31 13:00:59,456400848068.4203,0.0009329383844125,-871.9469522600001,571.0530477400001,2726.75
2024-10-31 13:15:59,643155095486.3885,0.0009673670566105,-374.87470197500016,73.62529802500018,2444.0
2024-10-31 13:30:59,245807001178.3594,0.0007117704857013,-211.78915077500017,-88.28915077499981,2005.25
2024-10-31 13:45:59,1036438798630.9634,0.0008453382040462,334.43735362,-640.5626463799999,3214.2499999999995
2024-10-31 14:00:59,43063737680.52965,0.0005593696292915,-68.87662478499999,-231.376624785,1943.5
2024-10-31 14:15:59,-24983620140.340088,0.0003853677902944,-179.0331281250002,-120.53312812499983,1842.75
2024-10-31 14:30:59,-282269400469.4932,2.626726230000841e-05,-1432.097260835,1135.402739165,2024.75
