time,year,dir,reason,net_option,gross_option,cost,delta_model,prem_entry,prem_exit,iv,sl_pts,trail,entry_time,hold_min,fold,brain,calibrator
2025-04-01 12:10:00,2025,PUT,BE_SL,-37.21565026293624,55.87504294685459,93.09069320979083,97.5,102.76436537991867,103.6239814252549,0.1540218860052448,70.8,False,2025-04-01 11:35:00,35.0,4,lgb,noop
2025-04-01 12:25:00,2025,PUT,FLOOD_EXIT,-230.24352648488968,-138.30951772293702,91.93400876195267,-130.0,100.78570771959858,98.65786898539955,0.1540218860052448,54.7,False,2025-04-01 12:10:00,15.0,4,lgb,noop
2025-04-02 09:45:00,2025,CALL,SL,-2219.9498667037988,-2133.266115373208,86.68375133059085,-2193.75,95.33692873342079,62.51745003537144,0.15287614272532096,67.5,False,2025-04-02 09:35:00,10.0,4,lgb,noop
2025-04-02 12:50:00,2025,CALL,BE_SL,-80.50429746292164,6.234224732716029,86.73852219563767,97.5,88.67270327399456,88.76861442372865,0.15287614272532096,51.3,False,2025-04-02 11:50:00,60.0,4,lgb,noop
2025-04-02 13:50:00,2025,CALL,SL,-1261.012951020014,-1180.2351812845336,80.7777697354804,-1225.2500000000236,76.55082748022141,58.39336315276705,0.15287614272532096,37.7,False,2025-04-02 13:15:00,35.0,4,lgb,noop
2025-04-03 10:40:00,2025,PUT,REVERSAL,-1665.1338638051757,-1589.9652783876672,75.16858541750833,-1727.3750000000473,34.91153088578176,10.45052660289457,0.11524321641849355,80.8,False,2025-04-03 09:55:00,45.0,4,lgb,noop
2025-04-03 11:10:00,2025,CALL,FLOOD_EXIT,-388.1892436306465,-313.04105485322907,75.14818877741746,-285.99999999997635,19.79317724618886,14.977161017677645,0.11524321641849355,55.3,False,2025-04-03 10:40:00,30.0,4,lgb,noop
2025-04-04 11:05:00,2025,PUT,SL,-2678.737078893514,-2580.933512651409,97.80356624210528,-2925.0,121.70092871950692,81.99425929410063,0.11171101724160706,90.0,False,2025-04-04 10:25:00,40.0,4,lgb,noop
2025-04-04 11:10:00,2025,PUT,FLOOD_EXIT,67.30744861091328,161.55667944635752,94.24923083544424,180.37499999997635,105.02793583418861,107.51342321028642,0.11171101724160706,73.1,False,2025-04-04 11:05:00,5.0,4,lgb,noop
2025-04-07 12:35:00,2025,PUT,TRAIL_SL,1188.087627686371,1377.9297024113384,189.84207472496755,1443.9750000000095,315.60232632069346,336.80124481932944,0.47043263366312027,81.9,True,2025-04-07 12:10:00,25.0,4,lgb,noop
2025-04-07 13:55:00,2025,CALL,BE_SL,-125.20711948384391,67.613195935146,192.8203154189899,97.5,326.43977723663556,327.4799802510224,0.47043263366312027,90.0,False,2025-04-07 13:45:00,10.0,4,lgb,noop
2025-04-07 14:10:00,2025,CALL,BE_SL,-137.5987788303045,46.19517154659661,183.7939503769011,97.5,306.2598551014962,306.97055004836693,0.47043263366312027,90.0,False,2025-04-07 13:55:00,15.0,4,lgb,noop
2025-04-08 10:35:00,2025,CALL,SL,-3080.619247192802,-2949.697844361681,130.92140283112127,-2925.0,197.16040329143652,151.78043645510297,0.3632433959509048,90.0,False,2025-04-08 09:55:00,40.0,4,lgb,noop
2025-04-08 10:40:00,2025,CALL,DAILY_CAP,-306.4243244479913,-176.4086716521706,130.0156527958207,-157.6249999999527,186.33099191485962,183.61701235098008,0.3632433959509048,90.0,False,2025-04-08 10:35:00,5.0,4,lgb,noop
2025-04-09 15:20:00,2025,PUT,SQUARE_OFF,-689.2907358884709,-615.4632214633966,73.82751442507423,490.7499999999527,12.400430848070755,2.9317659024800378,0.10597997479427704,66.1,False,2025-04-09 11:30:00,230.0,4,lgb,noop
2025-04-11 11:20:00,2025,CALL,FLOOD_EXIT,3632.4209057096127,3800.302105618257,167.88119990864416,3506.7500000000473,258.655441459925,317.12162770020586,0.21277327161454898,90.0,True,2025-04-11 10:35:00,45.0,4,lgb,noop
2025-04-15 11:40:00,2025,CALL,FLOOD_EXIT,-325.81596183791993,-228.9146293490012,96.90133248891874,-152.7499999999054,112.2157909458765,108.69402741743033,0.1433371297529717,57.3,False,2025-04-15 10:40:00,60.0,4,lgb,noop
2025-04-16 13:15:00,2025,CALL,BE_SL,-199.1694304214376,-113.48468320917164,85.68474721226598,97.5,86.68866560511378,84.94274740189576,0.1827181572856317,48.5,False,2025-04-16 11:30:00,105.0,4,lgb,noop
2025-04-17 11:00:00,2025,CALL,BE_SL,-328.864497146295,-249.32171240676325,79.5427847395317,97.5,55.42828100527913,51.59256235286739,0.2365876596178527,74.5,False,2025-04-17 10:00:00,60.0,4,lgb,noop
2025-04-17 15:20:00,2025,CALL,SQUARE_OFF,26654.837378342047,26770.70554323381,115.86816489176417,15413.125,39.81648439926175,451.67349275670495,0.2365876596178527,59.2,True,2025-04-17 11:00:00,260.0,4,lgb,noop
2025-04-21 11:15:00,2025,CALL,FLOOD_EXIT,1859.7495430099636,1974.4341897238155,114.68464671385183,1740.3750000000946,145.11753958544068,175.4934501965763,0.14274259043231724,60.2,True,2025-04-21 10:45:00,30.0,4,lgb,noop
2025-04-23 13:40:00,2025,PUT,SL,-2538.080868273168,-2458.981226407668,79.09964186550005,-2658.4999999999764,77.62910834748618,39.79862794121436,0.13575362731931453,81.8,False,2025-04-23 11:05:00,155.0,4,lgb,noop
2025-04-25 12:10:00,2025,PUT,BE_SL,-73.53979453311129,45.731500140555,119.27129467366629,97.5,161.52464819083798,162.2282097314619,0.15186071352738734,90.0,False,2025-04-25 11:00:00,70.0,4,lgb,noop
2025-04-25 12:25:00,2025,PUT,FLOOD_EXIT,-303.8523709588809,-181.55291352044514,122.29945743843578,-175.49999999992906,169.03840644046795,166.24528469399957,0.15186071352738734,81.9,False,2025-04-25 12:10:00,15.0,4,lgb,noop
2025-04-30 09:45:00,2025,PUT,BE_SL,-473.2274484849801,-258.54179037394715,214.68565811103295,97.5,376.522583645572,372.545017639819,1.5216284419849342,72.0,False,2025-04-30 09:35:00,10.0,4,lgb,noop
2025-04-30 11:05:00,2025,PUT,FLOOD_EXIT,-1188.7784824873297,-984.6349783755704,204.14350411175934,-186.875,355.17788106660737,340.02965063006013,1.5216284419849342,59.2,False,2025-04-30 10:45:00,20.0,4,lgb,noop
2025-05-02 12:45:00,2025,PUT,TRAIL_SL,2048.9819931111892,2169.5823004925387,120.60030738134952,2183.0250000000615,157.76843596975414,191.1466252081009,0.13542308721354698,84.6,True,2025-05-02 11:55:00,50.0,4,lgb,noop
2025-05-02 15:00:00,2025,PUT,SL,-2218.097306396539,-2098.0899542745465,120.00735212199248,-2239.2500000000473,169.97656083183028,137.6982538429911,0.13542308721354698,68.9,False,2025-05-02 14:40:00,20.0,4,lgb,noop
2025-05-05 12:20:00,2025,PUT,BE_SL,-4.242855849052248,87.83286084209067,92.07571669114292,97.5,100.386199562392,101.737474344578,0.1163803336802714,53.4,False,2025-05-05 12:10:00,10.0,4,lgb,noop
2025-05-05 13:20:00,2025,PUT,BE_SL,-35.573574543963986,54.54815100793894,90.12172555190293,97.5,96.10861140544148,96.94781372864054,0.1163803336802714,52.8,False,2025-05-05 12:25:00,55.0,4,lgb,noop
2025-05-07 10:35:00,2025,CALL,BE_SL,-44.941867153021946,37.154723477597145,82.09659063061909,97.5,73.21631118729601,73.78792231772059,0.11970810698340904,90.0,False,2025-05-07 09:45:00,50.0,4,lgb,noop
2025-05-07 11:40:00,2025,CALL,FLOOD_EXIT,365.343583665946,447.0931584266509,81.74957476070487,466.37500000007094,65.54418170132703,72.42253798481397,0.11970810698340904,69.1,False,2025-05-07 11:15:00,25.0,4,lgb,noop
2025-05-08 10:00:00,2025,PUT,BE_SL,-822.9501795783397,-607.7984828332319,215.15169674510776,97.5,378.6759364395275,369.3251905497855,1.4926505143801996,56.0,False,2025-05-08 09:40:00,20.0,4,lgb,noop
2025-05-08 14:15:00,2025,PUT,TRAIL_SL,-1408.422578889622,-1273.3133199861368,135.10925890348528,785.8500000000095,201.23661125163198,181.64717555953757,1.4926505143801996,41.9,True,2025-05-08 13:45:00,30.0,4,lgb,noop
2025-05-08 14:55:00,2025,PUT,TRAIL_SL,-2307.2722933475798,-2180.694228304392,126.57806504318786,1239.225000000033,184.97797232298944,151.42883034907572,1.4926505143801996,56.5,True,2025-05-08 14:15:00,40.0,4,lgb,noop
2025-05-09 15:20:00,2025,PUT,SQUARE_OFF,-1846.5553399227283,-1705.8402592482798,140.71508067444836,-1792.374999999929,215.18363854707604,188.93994225094866,0.18947921751231614,79.9,False,2025-05-09 13:25:00,115.0,4,lgb,noop
2025-05-12 10:55:00,2025,CALL,FLOOD_EXIT,-797.0680487408679,-657.4875161945511,139.5805325463168,-607.7500000000236,209.31296479931916,199.1977722424799,0.22195513573347692,90.0,False,2025-05-12 10:25:00,30.0,4,lgb,noop
2025-05-13 09:35:00,2025,PUT,SL,-2746.8839426865484,-2635.145539765599,111.73840292094908,-2925.0,153.1314125340905,112.59071192231204,0.19846633586336296,90.0,False,2025-05-13 09:30:00,5.0,4,lgb,noop
2025-05-13 12:00:00,2025,CALL,SL,-2864.9832042035546,-2753.0882380424373,111.89496616111708,-2925.0,153.85676074520597,111.50155708301463,0.19846633586336296,90.0,False,2025-05-13 11:25:00,35.0,4,lgb,noop
2025-05-14 11:40:00,2025,CALL,BE_SL,-85.18601924550472,4.6581715966021875,89.84419084210691,97.5,95.6443126995564,95.71597687796566,0.1797128794312437,59.8,False,2025-05-14 10:55:00,45.0,4,lgb,noop
2025-05-14 14:40:00,2025,PUT,BE_SL,-43.30466412677187,41.42193240633787,84.72659653310974,97.5,84.04794343016147,84.68520392872051,0.1797128794312437,48.0,False,2025-05-14 14:15:00,25.0,4,lgb,noop
2025-05-14 15:20:00,2025,PUT,SQUARE_OFF,-1825.5213631246363,-1734.0652971914824,91.45606593315387,-1691.6249999999764,104.77576921312902,78.0978415640293,0.1797128794312437,60.6,False,2025-05-14 14:40:00,40.0,4,lgb,noop
2025-05-15 11:45:00,2025,CALL,REVERSAL,-1578.7403893843832,-1462.5427843909438,116.19760499343951,-851.4999999999054,159.41443670603803,136.9137784846389,0.7237748988716955,90.0,False,2025-05-15 11:15:00,30.0,4,lgb,noop
2025-05-15 12:15:00,2025,PUT,SL,-3517.086098034149,-3404.2853373446815,112.80076068946754,-2925.0,157.954408763866,105.58078818933245,0.7237748988716955,90.0,False,2025-05-15 11:45:00,30.0,4,lgb,noop
2025-05-19 14:15:00,2025,PUT,TRAIL_SL,818.0778797624695,936.4417993373809,118.3639195749114,963.2999999999811,156.66365251509887,171.07044942798166,0.17150995043421904,36.3,True,2025-05-19 13:30:00,45.0,4,lgb,noop
2025-05-19 15:00:00,2025,PUT,BE_SL,-62.45835861898803,52.56277252559812,115.02113114458615,97.5,151.9690464751966,152.77770451405195,0.17150995043421904,46.5,False,2025-05-19 14:20:00,40.0,4,lgb,noop
2025-05-20 10:05:00,2025,PUT,TRAIL_SL,1508.7864292883808,1611.5306172957935,102.74418800741272,1613.6250000000473,119.48403372289795,144.27681245052554,0.1621970320770079,69.3,True,2025-05-20 09:35:00,30.0,4,lgb,noop
2025-05-20 12:05:00,2025,PUT,FLOOD_EXIT,138.75633561132054,241.25142646235872,102.4950908510382,386.7500000000473,123.27216578074876,126.98372618786198,0.1621970320770079,82.9,False,2025-05-20 10:05:00,120.0,4,lgb,noop
2025-05-21 11:05:00,2025,CALL,TRAIL_SL,2667.780485012605,2773.9254421859187,106.14495717331388,2665.649999999896,123.42517249354387,166.1009485271734,0.21283543162634216,80.6,True,2025-05-21 09:40:00,85.0,4,lgb,noop
2025-05-21 11:10:00,2025,CALL,FLOOD_EXIT,-300.5072322392377,-198.3633185216513,102.14391371758639,-183.62499999992906,123.8789877897998,120.82724442792824,0.21283543162634216,72.4,False,2025-05-21 11:05:00,5.0,4,lgb,noop
2025-05-22 10:35:00,2025,PUT,BE_SL,-512.4750776930639,-404.7673640328503,107.70771366021354,97.5,137.01442769471578,130.78723747882577,0.576931406231449,90.0,False,2025-05-22 10:00:00,35.0,4,lgb,noop
2025-05-22 11:25:00,2025,PUT,FLOOD_EXIT,-540.8540009503204,-435.91991197757125,104.93408897274915,-42.24999999997635,130.8914806586854,124.18502047441507,0.576931406231449,66.3,False,2025-05-22 11:00:00,25.0,4,lgb,noop
2025-05-23 11:05:00,2025,CALL,FLOOD_EXIT,3998.047865665977,4154.017010790412,155.96914512443536,3604.2500000000473,230.81233896265803,294.7202929748182,0.16061824791881057,90.0,True,2025-05-23 10:20:00,45.0,4,lgb,noop
2025-05-26 12:15:00,2025,CALL,BE_SL,-123.78513009756847,25.037389227600215,148.82251932516868,97.5,227.87935386677054,228.26454447027209,0.2257043263430276,84.2,False,2025-05-26 11:25:00,50.0,4,lgb,noop
2025-05-26 12:55:00,2025,CALL,SL,-1784.9201658805607,-1645.1200706511827,139.80009522937797,-1631.5000000000236,212.93852966618942,187.6289901177097,0.2257043263430276,50.2,False,2025-05-26 12:30:00,25.0,4,lgb,noop
2025-05-27 10:55:00,2025,PUT,FLOOD_EXIT,-926.7903895015976,-797.6797561355215,129.11063336607606,-780.0,186.27170371658212,173.99970746834333,0.251156397393815,90.0,False,2025-05-27 10:25:00,30.0,4,lgb,noop
2025-05-28 12:45:00,2025,PUT,SL,-1654.6681268024324,-1559.9271487080114,94.74097809442115,-1611.9999999999527,111.5920421199171,87.59316290902461,0.21589890271969875,49.6,False,2025-05-28 11:45:00,60.0,4,lgb,noop
2025-05-28 14:30:00,2025,PUT,BE_SL,-48.21494302459891,51.971975572751035,100.18691859734994,97.5,118.69494000793748,119.49450886290288,0.21589890271969875,38.2,False,2025-05-28 14:10:00,20.0,4,lgb,noop
2025-05-28 15:20:00,2025,PUT,SQUARE_OFF,982.6433594915063,1085.299461866798,102.65610237529181,1090.3749999999764,120.95579158935288,137.65270638730362,0.21589890271969875,36.5,True,2025-05-28 14:40:00,40.0,4,lgb,noop
2025-05-29 12:45:00,2025,PUT,TRAIL_SL,-634.47738894507,-503.6880320056298,130.78935693944018,1053.0000000000473,189.10477921059828,181.35573256435782,0.9141269018322444,46.7,True,2025-05-29 11:50:00,55.0,4,lgb,noop
2025-06-02 10:25:00,2025,PUT,BE_SL,-81.75203560862494,66.08601082177302,147.83804643039795,97.5,225.54077497696017,226.55748283575667,0.24654935272060483,90.0,False,2025-06-02 10:05:00,20.0,4,lgb,noop
2025-06-02 11:30:00,2025,PUT,REVERSAL,-1633.1857838474966,-1486.9141065341591,146.27167731333736,-1446.25,226.9536549991899,204.07805336020283,0.24654935272060483,75.3,False,2025-06-02 10:25:00,65.0,4,lgb,noop
2025-06-02 12:55:00,2025,CALL,TRAIL_SL,1798.71381634986,1947.9696547708045,149.2558384209445,2003.6250000000473,222.75129845924312,252.72006237879395,0.24654935272060483,46.7,True,2025-06-02 11:30:00,85.0,4,lgb,noop
2025-06-02 13:55:00,2025,CALL,BE_SL,-144.0557627701202,6.3097636373277055,150.3655264074479,97.5,231.40002356676268,231.4970968534908,0.24654935272060483,56.5,False,2025-06-02 13:00:00,55.0,4,lgb,noop
2025-06-03 10:10:00,2025,PUT,BE_SL,-49.84743909087635,58.438209351397745,108.2856484422741,97.5,136.84142989863358,137.74047927327047,0.18948764496063755,90.0,False,2025-06-03 09:45:00,25.0,4,lgb,noop
2025-06-03 10:15:00,2025,PUT,FLOOD_EXIT,-1398.844265379647,-1292.9421485470448,105.90211683260206,-1423.4999999999764,135.7816642423022,115.89024657234768,0.18948764496063755,90.0,False,2025-06-03 10:10:00,5.0,4,lgb,noop
2025-06-05 13:30:00,2025,CALL,SL,-2805.9666377443764,-2727.238383662343,78.72825408203322,-1992.2499999999764,77.69513946491134,35.73762587010606,0.354334686705422,61.3,False,2025-06-05 12:25:00,65.0,4,lgb,noop
2025-06-06 12:20:00,2025,CALL,SL,-1532.552611687534,-1403.4773568755554,129.07525481197862,-1345.5000000000473,188.11410043424803,166.52214109770102,0.13107152402558767,41.4,False,2025-06-06 12:05:00,15.0,4,lgb,noop
2025-06-06 12:45:00,2025,CALL,FLOOD_EXIT,-169.2151506636149,-45.637419963941284,123.57773069967364,-27.62500000007094,171.47465670473866,170.77254255144726,0.13107152402558767,39.6,False,2025-06-06 12:20:00,25.0,4,lgb,noop
2025-06-10 15:05:00,2025,PUT,TRAIL_SL,394.1573977459859,487.1427483028583,92.9853505568724,645.4500000000189,101.15996115033886,108.65446497038283,0.1203952069833529,35.5,True,2025-06-10 11:05:00,240.0,4,lgb,noop
2025-06-12 13:30:00,2025,PUT,TP,1233.4766958034422,1341.5453642232842,108.06866841984188,2687.7500000000236,132.28433125448828,152.92349070407727,0.6607954603415798,41.4,True,2025-06-12 12:15:00,75.0,4,lgb,noop
2025-06-12 14:45:00,2025,PUT,BE_SL,-595.9321011564668,-515.5696241989699,80.36247695749688,97.5,65.33126154778802,57.39942117549617,0.6607954603415798,80.8,False,2025-06-12 14:30:00,15.0,4,lgb,noop
2025-06-12 15:20:00,2025,PUT,SQUARE_OFF,-851.2119893994511,-772.1763222884783,79.03566711097284,1166.749999999929,57.35134057346477,45.471704845949716,0.6607954603415798,75.1,False,2025-06-12 14:45:00,35.0,4,lgb,noop
2025-06-13 12:25:00,2025,CALL,TRAIL_SL,617.2046215840847,747.8631023022353,130.6584807181506,732.2249999999622,184.84093231559018,196.34651850485534,0.14141569692489842,35.3,True,2025-06-13 12:05:00,20.0,4,lgb,noop
2025-06-13 12:35:00,2025,CALL,FLOOD_EXIT,-618.0075132213022,-484.5483576827064,133.45915553859587,-456.62499999997635,195.0329325985167,187.57834248032123,0.14141569692489842,33.8,False,2025-06-13 12:25:00,10.0,4,lgb,noop
2025-06-16 12:00:00,2025,CALL,FLOOD_EXIT,166.9429958947017,276.115911264651,109.17291536994928,311.9999999999527,138.14120570326304,142.3891427996423,0.15167749692388466,51.8,False,2025-06-16 11:25:00,35.0,4,lgb,noop
2025-06-17 11:10:00,2025,PUT,FLOOD_EXIT,577.2971021970521,673.4171434725522,96.12004127550009,703.6250000000473,107.6007590501431,117.96102279587467,0.14489440312378496,46.6,False,2025-06-17 10:40:00,30.0,4,lgb,noop
2025-06-18 12:50:00,2025,PUT,BE_SL,-2.9063971504313315,86.05549682625679,88.96189397668812,97.5,93.40693696718336,94.7308676875873,0.15785714596916234,34.5,False,2025-06-18 12:40:00,10.0,4,lgb,noop
2025-06-18 14:30:00,2025,PUT,TRAIL_SL,532.6711499271314,620.2395248167977,87.56837488966629,720.5250000000615,88.5864271621358,98.12857369777885,0.15785714596916234,35.8,True,2025-06-18 13:05:00,85.0,4,lgb,noop
2025-06-18 15:00:00,2025,PUT,SL,-1127.489219941487,-1043.682614959671,83.80660498181592,-1043.2499999999527,85.42647796544225,69.36982235067808,0.15785714596916234,32.1,False,2025-06-18 14:30:00,30.0,4,lgb,noop
2025-06-20 11:50:00,2025,CALL,FLOOD_EXIT,862.8222434705533,989.9775560848684,127.15531261431516,918.125,176.21460110008593,191.44502503985314,0.12277016545560819,50.9,False,2025-06-20 11:20:00,30.0,4,lgb,noop
2025-06-23 10:20:00,2025,PUT,BE_SL,-50.96766410942355,53.26430296784565,104.2319670772692,97.5,127.76465906695375,128.5841098818437,0.1537215211183602,90.0,False,2025-06-23 09:40:00,40.0,4,lgb,noop
2025-06-23 11:10:00,2025,PUT,BE_SL,-37.07180415106214,75.02736821563303,112.09917236669517,97.5,145.343269243358,146.49753644667544,0.1537215211183602,50.2,False,2025-06-23 10:45:00,25.0,4,lgb,noop
2025-06-24 12:15:00,2025,CALL,BE_SL,-64.7915770605496,31.89456025621439,96.68613731676399,97.5,110.9057080422026,111.3963935846059,0.14800097054796946,60.2,False,2025-06-24 11:25:00,50.0,4,lgb,noop
2025-06-24 15:20:00,2025,PUT,SQUARE_OFF,-1530.5474539341299,-1432.369508831198,98.17794510293209,-1353.6250000000473,118.89716943976964,96.86071545775121,0.14800097054796946,90.0,False,2025-06-24 13:45:00,95.0,4,lgb,noop
2025-06-26 12:45:00,2025,CALL,TRAIL_SL,633.5770537344711,714.9426016058078,81.36554787133672,1310.3999999999905,59.22914946510173,70.22826641288339,0.299173135284893,64.0,True,2025-06-26 11:35:00,70.0,4,lgb,noop
2025-06-26 14:05:00,2025,CALL,TRAIL_SL,957.8136556379663,1037.2953387478628,79.48168310989645,1605.8249999999953,39.85946904173579,55.81785886862599,0.299173135284893,53.0,True,2025-06-26 13:15:00,50.0,4,lgb,noop
